-- MySQL dump 10.13  Distrib 8.0.28, for macos11 (x86_64)
--
-- Host: localhost    Database: where2eat
-- ------------------------------------------------------
-- Server version	8.0.28

/*!40101 SET @OLD_CHARACTER_SET_CLIENT=@@CHARACTER_SET_CLIENT */;
/*!40101 SET @OLD_CHARACTER_SET_RESULTS=@@CHARACTER_SET_RESULTS */;
/*!40101 SET @OLD_COLLATION_CONNECTION=@@COLLATION_CONNECTION */;
/*!50503 SET NAMES utf8 */;
/*!40103 SET @OLD_TIME_ZONE=@@TIME_ZONE */;
/*!40103 SET TIME_ZONE='+00:00' */;
/*!40014 SET @OLD_UNIQUE_CHECKS=@@UNIQUE_CHECKS, UNIQUE_CHECKS=0 */;
/*!40014 SET @OLD_FOREIGN_KEY_CHECKS=@@FOREIGN_KEY_CHECKS, FOREIGN_KEY_CHECKS=0 */;
/*!40101 SET @OLD_SQL_MODE=@@SQL_MODE, SQL_MODE='NO_AUTO_VALUE_ON_ZERO' */;
/*!40111 SET @OLD_SQL_NOTES=@@SQL_NOTES, SQL_NOTES=0 */;

--
-- Table structure for table `Community`
--

DROP TABLE IF EXISTS `Community`;
/*!40101 SET @saved_cs_client     = @@character_set_client */;
/*!50503 SET character_set_client = utf8mb4 */;
CREATE TABLE `Community` (
  `groupID` int NOT NULL,
  `type` char(30) COLLATE utf8_bin DEFAULT NULL,
  `min_budget` int DEFAULT NULL,
  `cuisine_overlap` char(30) COLLATE utf8_bin DEFAULT NULL,
  `midLong` double DEFAULT NULL,
  `midLat` double DEFAULT NULL,
  PRIMARY KEY (`groupID`)
) ENGINE=InnoDB DEFAULT CHARSET=utf8mb3 COLLATE=utf8_bin;
/*!40101 SET character_set_client = @saved_cs_client */;

--
-- Dumping data for table `Community`
--

LOCK TABLES `Community` WRITE;
/*!40000 ALTER TABLE `Community` DISABLE KEYS */;
INSERT INTO `Community` VALUES (0,'undecided',1,'Afghan',-100.689837,22.41631667),(1,'family',1,'Fast_Food',-100.1472627,21.98263991),(2,'family',1,'American',-100.3371721,22.038526),(3,'family',1,'American',-100.9760887,22.14610233),(4,'family',1,'American',-100.5982068,22.4827592),(5,'family',1,'American',-100.3623483,21.874691),(6,'friends',1,'Pizzeria',-99.76025389,21.07489044),(7,'friends',1,'Regional',-99.8863172,22.142537),(8,'friends',1,'Contemporary',-100.257679,21.8243338),(9,'friends',1,'Mexican',-100.0025769,21.71941887);
/*!40000 ALTER TABLE `Community` ENABLE KEYS */;
UNLOCK TABLES;

--
-- Table structure for table `groupmembers`
--

DROP TABLE IF EXISTS `groupmembers`;
/*!40101 SET @saved_cs_client     = @@character_set_client */;
/*!50503 SET character_set_client = utf8mb4 */;
CREATE TABLE `groupmembers` (
  `groupID` int NOT NULL,
  `userID` char(30) COLLATE utf8_bin NOT NULL,
  PRIMARY KEY (`groupID`,`userID`)
) ENGINE=InnoDB DEFAULT CHARSET=utf8mb3 COLLATE=utf8_bin;
/*!40101 SET character_set_client = @saved_cs_client */;

--
-- Dumping data for table `groupmembers`
--

LOCK TABLES `groupmembers` WRITE;
/*!40000 ALTER TABLE `groupmembers` DISABLE KEYS */;
INSERT INTO `groupmembers` VALUES (0,'U1024'),(0,'U1027'),(0,'U1048'),(0,'U1083'),(0,'U1122'),(0,'U1130'),(1,'U1009'),(1,'U1021'),(1,'U1030'),(1,'U1038'),(1,'U1052'),(1,'U1060'),(1,'U1075'),(1,'U1086'),(1,'U1096'),(1,'U1110'),(1,'U1123'),(2,'U1001'),(2,'U1009'),(2,'U1019'),(2,'U1028'),(2,'U1034'),(2,'U1044'),(2,'U1053'),(2,'U1060'),(2,'U1074'),(2,'U1081'),(2,'U1091'),(2,'U1098'),(2,'U1113'),(2,'U1123'),(3,'U1001'),(3,'U1038'),(3,'U1084'),(4,'U1001'),(4,'U1028'),(4,'U1053'),(4,'U1081'),(4,'U1113'),(5,'U1001'),(5,'U1011'),(5,'U1022'),(5,'U1032'),(5,'U1042'),(5,'U1053'),(5,'U1063'),(5,'U1076'),(5,'U1088'),(5,'U1097'),(5,'U1113'),(5,'U1133'),(6,'U1006'),(6,'U1018'),(6,'U1040'),(6,'U1059'),(6,'U1070'),(6,'U1094'),(6,'U1106'),(6,'U1117'),(6,'U1126'),(7,'U1006'),(7,'U1039'),(7,'U1065'),(7,'U1101'),(7,'U1118'),(8,'U1006'),(8,'U1041'),(8,'U1080'),(8,'U1112'),(8,'U1136'),(9,'U1006'),(9,'U1014'),(9,'U1020'),(9,'U1039'),(9,'U1045'),(9,'U1059'),(9,'U1065'),(9,'U1071'),(9,'U1090'),(9,'U1101'),(9,'U1106'),(9,'U1112'),(9,'U1118'),(9,'U1125'),(9,'U1129');
/*!40000 ALTER TABLE `groupmembers` ENABLE KEYS */;
UNLOCK TABLES;

--
-- Table structure for table `purchase`
--

DROP TABLE IF EXISTS `purchase`;
/*!40101 SET @saved_cs_client     = @@character_set_client */;
/*!50503 SET character_set_client = utf8mb4 */;
CREATE TABLE `purchase` (
  `purchaseID` int NOT NULL,
  `userID` char(30) COLLATE utf8_bin NOT NULL,
  `placeID` int NOT NULL,
  `cost` double DEFAULT NULL,
  PRIMARY KEY (`purchaseID`,`userID`,`placeID`)
) ENGINE=InnoDB DEFAULT CHARSET=utf8mb3 COLLATE=utf8_bin;
/*!40101 SET character_set_client = @saved_cs_client */;

--
-- Dumping data for table `purchase`
--

LOCK TABLES `purchase` WRITE;
/*!40000 ALTER TABLE `purchase` DISABLE KEYS */;
INSERT INTO `purchase` VALUES (1000,'U1001',132862,50),(1001,'U1001',135062,30),(1002,'U1002',135069,40),(1003,'U1002',132872,30),(1004,'U1002',135026,50),(1005,'U1003',135019,40),(1006,'U1003',132825,40),(1007,'U1004',135062,10),(1008,'U1004',132885,20),(1009,'U1005',135062,20),(1010,'U1005',132594,10),(1011,'U1005',132665,30),(1012,'U1006',132717,50),(1013,'U1006',132613,20),(1014,'U1006',135030,30),(1015,'U1006',132845,10),(1016,'U1006',132560,50),(1017,'U1007',132922,10),(1018,'U1007',135039,30),(1019,'U1007',132609,10),(1020,'U1008',135016,10),(1021,'U1009',135046,20),(1022,'U1009',132925,30),(1023,'U1009',132583,40),(1024,'U1009',135065,10),(1025,'U1009',132723,40),(1026,'U1010',135108,10),(1027,'U1010',135042,20),(1028,'U1010',132755,30),(1029,'U1010',132583,20),(1030,'U1010',135042,50),(1031,'U1011',132872,50),(1032,'U1011',132732,10),(1033,'U1011',135018,10),(1034,'U1011',135027,20),(1035,'U1011',132560,30),(1036,'U1012',135052,30),(1037,'U1012',132668,50),(1038,'U1013',135043,30),(1039,'U1014',132654,10),(1040,'U1014',135048,50),(1041,'U1014',132851,50),(1042,'U1014',135058,20),(1043,'U1014',135076,10),(1044,'U1015',132834,30),(1045,'U1015',135076,50),(1046,'U1015',135039,20),(1047,'U1015',135038,40),(1048,'U1016',135044,50),(1049,'U1016',132715,10),(1050,'U1016',135088,40),(1051,'U1017',135040,50),(1052,'U1017',134996,30),(1053,'U1017',135048,50),(1054,'U1017',135060,40),(1055,'U1017',132830,50),(1056,'U1018',135064,50),(1057,'U1018',135047,30),(1058,'U1018',132937,20),(1059,'U1018',135001,40),(1060,'U1018',135039,20),(1061,'U1019',132866,50),(1062,'U1020',135054,50),(1063,'U1020',135062,50),(1064,'U1021',134999,20),(1065,'U1021',132958,20),(1066,'U1022',132877,20),(1067,'U1022',135032,10),(1068,'U1022',135032,10),(1069,'U1023',132594,50),(1070,'U1023',135075,10),(1071,'U1024',135082,50),(1072,'U1024',135055,10),(1073,'U1024',135025,40),(1074,'U1025',135038,10),(1075,'U1025',135055,20),(1076,'U1025',132663,10),(1077,'U1025',135079,30),(1078,'U1026',135082,10),(1079,'U1026',132773,30),(1080,'U1026',135001,10),(1081,'U1026',132630,20),(1082,'U1027',132955,10),(1083,'U1028',132766,50),(1084,'U1028',135071,50),(1085,'U1028',135070,30),(1086,'U1028',132851,50),(1087,'U1029',132594,10),(1088,'U1029',135073,20),(1089,'U1030',132630,50),(1090,'U1030',132613,50),(1091,'U1030',134975,50),(1092,'U1030',135019,20),(1093,'U1030',134992,50),(1094,'U1031',135074,50),(1095,'U1031',132706,50),(1096,'U1031',135035,30),(1097,'U1031',135080,40),(1098,'U1031',132564,40),(1099,'U1032',132768,20),(1100,'U1032',132869,50),(1101,'U1032',135030,30),(1102,'U1032',135042,50),(1103,'U1032',135085,50),(1104,'U1033',135079,50),(1105,'U1033',132830,10),(1106,'U1033',132866,50),(1107,'U1033',135032,40),(1108,'U1034',132613,30),(1109,'U1034',132732,10),(1110,'U1034',135049,30),(1111,'U1034',135081,40),(1112,'U1035',135064,50),(1113,'U1035',135066,10),(1114,'U1035',132954,30),(1115,'U1035',132851,50),(1116,'U1036',132846,10),(1117,'U1036',134992,10),(1118,'U1036',132955,10),(1119,'U1036',135043,40),(1120,'U1037',135080,30),(1121,'U1037',135106,20),(1122,'U1037',135019,40),(1123,'U1037',135045,30),(1124,'U1038',132561,40),(1125,'U1039',132564,10),(1126,'U1040',135001,20),(1127,'U1040',134992,30),(1128,'U1041',132958,40),(1129,'U1041',134987,10),(1130,'U1041',135088,40),(1131,'U1041',135057,30),(1132,'U1042',132732,10),(1133,'U1042',132654,20),(1134,'U1042',132715,20),(1135,'U1043',135080,30),(1136,'U1043',132885,40),(1137,'U1043',135018,20),(1138,'U1043',132885,50),(1139,'U1043',132922,10),(1140,'U1044',132885,50),(1141,'U1044',134975,50),(1142,'U1044',132668,50),(1143,'U1044',132872,20),(1144,'U1044',132630,40),(1145,'U1045',135046,20),(1146,'U1046',132706,30),(1147,'U1046',135016,40),(1148,'U1047',132866,40),(1149,'U1047',134976,30),(1150,'U1047',132922,10),(1151,'U1048',135072,40),(1152,'U1048',132715,30),(1153,'U1048',132869,40),(1154,'U1048',135063,50),(1155,'U1049',132740,20),(1156,'U1049',135059,50),(1157,'U1050',135088,20),(1158,'U1050',132925,30),(1159,'U1051',135108,10),(1160,'U1051',132630,40),(1161,'U1051',135048,10),(1162,'U1051',132564,40),(1163,'U1052',134976,20),(1164,'U1052',135045,50),(1165,'U1052',132861,20),(1166,'U1052',132834,40),(1167,'U1053',135079,40),(1168,'U1053',135047,10),(1169,'U1053',135039,40),(1170,'U1054',132668,30),(1171,'U1055',135055,30),(1172,'U1055',132875,30),(1173,'U1055',135018,10),(1174,'U1055',132755,20),(1175,'U1056',135088,40),(1176,'U1056',135025,50),(1177,'U1056',135045,20),(1178,'U1057',135060,50),(1179,'U1057',135040,30),(1180,'U1058',132755,40),(1181,'U1059',135025,10),(1182,'U1060',132861,20),(1183,'U1061',132851,10),(1184,'U1061',135035,40),(1185,'U1061',132768,20),(1186,'U1062',132630,40),(1187,'U1062',132572,40),(1188,'U1063',135066,30),(1189,'U1063',132830,20),(1190,'U1063',132766,40),(1191,'U1064',135040,10),(1192,'U1064',132825,10),(1193,'U1065',132609,50),(1194,'U1066',134992,20),(1195,'U1066',132564,30),(1196,'U1067',132733,10),(1197,'U1067',135001,30),(1198,'U1067',132825,50),(1199,'U1068',132884,20),(1200,'U1068',135050,30),(1201,'U1068',135025,40),(1202,'U1068',135074,30),(1203,'U1068',132958,50),(1204,'U1069',135033,20),(1205,'U1069',135050,20),(1206,'U1070',135074,20),(1207,'U1071',135060,40),(1208,'U1072',132766,30),(1209,'U1072',132561,40),(1210,'U1072',135085,10),(1211,'U1072',135074,40),(1212,'U1072',135057,50),(1213,'U1073',135000,40),(1214,'U1073',132856,10),(1215,'U1073',135040,20),(1216,'U1074',135050,20),(1217,'U1074',134975,40),(1218,'U1075',135052,30),(1219,'U1075',132561,40),(1220,'U1075',135108,40),(1221,'U1076',135000,40),(1222,'U1076',135052,10),(1223,'U1076',132561,30),(1224,'U1076',135086,40),(1225,'U1076',135041,10),(1226,'U1077',132755,50),(1227,'U1077',132885,50),(1228,'U1077',135069,50),(1229,'U1077',135109,20),(1230,'U1078',132851,20),(1231,'U1078',135108,20),(1232,'U1078',135041,40),(1233,'U1078',135025,10),(1234,'U1079',134992,30),(1235,'U1079',132921,40),(1236,'U1079',135043,40),(1237,'U1079',132594,20),(1238,'U1080',135053,50),(1239,'U1080',135075,20),(1240,'U1080',132594,10),(1241,'U1080',132613,30),(1242,'U1081',132847,10),(1243,'U1081',132660,20),(1244,'U1082',132845,40),(1245,'U1082',132830,50),(1246,'U1083',135000,50),(1247,'U1084',134986,50),(1248,'U1085',135072,30),(1249,'U1085',132921,30),(1250,'U1085',132654,20),(1251,'U1085',135011,10),(1252,'U1085',134992,40),(1253,'U1086',135109,40),(1254,'U1086',132668,10),(1255,'U1086',132951,10),(1256,'U1087',132862,30),(1257,'U1087',135052,10),(1258,'U1087',132870,40),(1259,'U1087',134992,10),(1260,'U1087',135046,50),(1261,'U1088',135079,50),(1262,'U1089',132869,40),(1263,'U1089',132870,20),(1264,'U1089',134992,30),(1265,'U1090',135109,20),(1266,'U1090',132667,20),(1267,'U1090',134987,10),(1268,'U1091',135041,20),(1269,'U1091',132869,50),(1270,'U1092',132608,50),(1271,'U1092',135030,50),(1272,'U1092',132861,10),(1273,'U1092',132732,20),(1274,'U1093',132856,30),(1275,'U1093',132654,40),(1276,'U1093',132667,50),(1277,'U1093',132706,30),(1278,'U1094',135042,20),(1279,'U1094',132561,40),(1280,'U1094',135044,50),(1281,'U1094',132668,20),(1282,'U1095',132825,40),(1283,'U1095',135001,20),(1284,'U1095',132660,40),(1285,'U1095',135028,30),(1286,'U1096',132872,40),(1287,'U1096',132754,40),(1288,'U1096',135028,10),(1289,'U1096',132951,40),(1290,'U1097',135074,30),(1291,'U1097',134992,50),(1292,'U1097',132937,50),(1293,'U1097',135075,30),(1294,'U1098',134986,40),(1295,'U1098',132937,30),(1296,'U1098',132755,40),(1297,'U1098',135081,40),(1298,'U1099',135021,30),(1299,'U1100',132754,10),(1300,'U1101',135019,40),(1301,'U1101',132845,40),(1302,'U1102',132885,10),(1303,'U1102',132754,30),(1304,'U1102',132740,20),(1305,'U1102',132665,30),(1306,'U1103',132834,20),(1307,'U1103',132564,10),(1308,'U1104',135045,20),(1309,'U1105',135104,20),(1310,'U1105',135104,40),(1311,'U1105',135085,40),(1312,'U1105',132732,20),(1313,'U1106',132732,50),(1314,'U1106',135079,20),(1315,'U1106',135053,30),(1316,'U1106',132847,50),(1317,'U1106',134992,20),(1318,'U1107',135033,20),(1319,'U1107',132875,40),(1320,'U1108',132609,40),(1321,'U1108',134975,50),(1322,'U1109',132626,20),(1323,'U1109',132767,50),(1324,'U1109',135026,20),(1325,'U1110',134996,10),(1326,'U1110',132654,30),(1327,'U1110',132869,30),(1328,'U1110',132925,30),(1329,'U1110',132755,20),(1330,'U1111',132870,50),(1331,'U1111',135033,10),(1332,'U1111',132856,30),(1333,'U1111',132847,20),(1334,'U1111',132667,40),(1335,'U1112',135073,40),(1336,'U1113',135106,40),(1337,'U1113',134976,40),(1338,'U1113',135063,30),(1339,'U1114',135039,50),(1340,'U1114',132846,30),(1341,'U1115',132845,40),(1342,'U1115',135088,40),(1343,'U1116',134992,50),(1344,'U1116',132834,40),(1345,'U1116',132572,30),(1346,'U1116',135053,20),(1347,'U1116',135040,20),(1348,'U1117',135000,20),(1349,'U1117',135039,30),(1350,'U1117',135045,40),(1351,'U1118',132872,40),(1352,'U1118',135066,40),(1353,'U1118',135046,20),(1354,'U1118',132663,40),(1355,'U1118',135079,10),(1356,'U1119',132854,30),(1357,'U1119',132613,20),(1358,'U1119',135048,50),(1359,'U1120',135035,20),(1360,'U1121',132660,50),(1361,'U1121',135027,30),(1362,'U1121',132608,20),(1363,'U1122',132668,50),(1364,'U1122',132768,40),(1365,'U1122',132715,40),(1366,'U1123',134987,50),(1367,'U1124',132858,50),(1368,'U1124',135065,30),(1369,'U1124',132847,40),(1370,'U1124',132955,40),(1371,'U1125',132869,40),(1372,'U1125',135044,30),(1373,'U1126',135080,50),(1374,'U1126',135047,10),(1375,'U1126',132854,40),(1376,'U1126',132951,30),(1377,'U1127',135062,20),(1378,'U1128',132877,10),(1379,'U1128',135085,30),(1380,'U1128',132755,40),(1381,'U1128',132665,50),(1382,'U1129',135071,30),(1383,'U1129',132937,10),(1384,'U1129',132767,20),(1385,'U1129',132847,40),(1386,'U1130',132951,30),(1387,'U1130',135088,20),(1388,'U1130',132954,30),(1389,'U1130',132875,40),(1390,'U1130',132955,40),(1391,'U1131',135019,40),(1392,'U1131',135033,40),(1393,'U1132',132825,40),(1394,'U1132',132766,40),(1395,'U1133',135063,50),(1396,'U1134',135048,10),(1397,'U1134',135057,50),(1398,'U1134',135042,10),(1399,'U1134',132740,50),(1400,'U1134',134975,30),(1401,'U1135',135104,20),(1402,'U1135',135052,40),(1403,'U1135',132561,50),(1404,'U1135',135033,10),(1405,'U1136',132875,40),(1406,'U1136',132773,10),(1407,'U1137',135045,30),(1408,'U1137',132951,10),(1409,'U1138',135035,50),(1410,'U1138',135080,50),(1411,'U1138',132954,50),(1412,'U1138',132706,30);
/*!40000 ALTER TABLE `purchase` ENABLE KEYS */;
UNLOCK TABLES;

--
-- Table structure for table `rescuisine`
--

DROP TABLE IF EXISTS `rescuisine`;
/*!40101 SET @saved_cs_client     = @@character_set_client */;
/*!50503 SET character_set_client = utf8mb4 */;
CREATE TABLE `rescuisine` (
  `placeID` int NOT NULL,
  `cuisine` char(30) COLLATE utf8_bin NOT NULL,
  PRIMARY KEY (`placeID`,`cuisine`)
) ENGINE=InnoDB DEFAULT CHARSET=utf8mb3 COLLATE=utf8_bin;
/*!40101 SET character_set_client = @saved_cs_client */;

--
-- Dumping data for table `rescuisine`
--

LOCK TABLES `rescuisine` WRITE;
/*!40000 ALTER TABLE `rescuisine` DISABLE KEYS */;
INSERT INTO `rescuisine` VALUES (132560,'Regional'),(132561,'Chinese'),(132564,'Japanese'),(132572,'Cafeteria'),(132583,'American'),(132584,'Mexican'),(132594,'Mexican'),(132608,'Mexican'),(132609,'Fast_Food'),(132613,'Mexican'),(132626,'Italian'),(132630,'Mexican'),(132654,'Mexican'),(132660,'Mexican'),(132663,'Mexican'),(132665,'Mexican'),(132667,'Armenian'),(132668,'Mexican'),(132706,'Mexican'),(132715,'Mexican'),(132717,'Fast_Food'),(132723,'Mexican'),(132732,'Mexican'),(132733,'Pizzeria'),(132740,'Mexican'),(132754,'Mexican'),(132755,'Mexican'),(132766,'Japanese'),(132767,'Vietnamese'),(132768,'Family'),(132773,'Family'),(132773,'Mexican'),(132825,'Mexican'),(132830,'Mexican'),(132834,'Mexican'),(132845,'Mexican'),(132846,'International'),(132847,'Chinese'),(132851,'American'),(132851,'Game'),(132854,'International'),(132856,'Italian'),(132858,'Burgers'),(132861,'Burgers'),(132862,'International'),(132866,'Bakery'),(132866,'Cafeteria'),(132869,'Pizzeria'),(132870,'Burgers'),(132872,'American'),(132875,'Japanese'),(132877,'Mexican'),(132884,'Mexican'),(132885,'Cafeteria'),(132921,'Bar'),(132922,'Cafeteria'),(132925,'Mexican'),(132937,'Bar'),(132951,'American'),(132954,'Breakfast-Brunch'),(132955,'Bar_Pub_Brewery'),(132958,'American'),(134975,'Japanese'),(134976,'Burgers'),(134976,'Mediterranean'),(134976,'Mexican'),(134983,'Bar'),(134983,'Bar_Pub_Brewery'),(134986,'International'),(134987,'Mexican'),(134992,'Japanese'),(134996,'Mexican'),(134999,'Japanese'),(135000,'Japanese'),(135001,'Japanese'),(135011,'Mexican'),(135013,'Chinese'),(135016,'Mexican'),(135018,'Mexican'),(135019,'Bar'),(135021,'Fast_Food'),(135025,'Mexican'),(135026,'Bar'),(135026,'Bar_Pub_Brewery'),(135027,'Mexican'),(135028,'Mexican'),(135030,'Cafe-Coffee_Shop'),(135030,'Cafeteria'),(135032,'Cafeteria'),(135032,'Contemporary'),(135033,'Chinese'),(135034,'Japanese'),(135035,'Italian'),(135038,'Mexican'),(135039,'Seafood'),(135040,'Chinese'),(135041,'Bar'),(135041,'Cafeteria'),(135042,'Chinese'),(135043,'Fast_Food'),(135043,'Pizzeria'),(135044,'Chinese'),(135045,'Chinese'),(135046,'Fast_Food'),(135047,'Mexican'),(135048,'Bar'),(135049,'Seafood'),(135050,'Chinese'),(135051,'Mexican'),(135052,'Bar'),(135052,'Bar_Pub_Brewery'),(135053,'Cafeteria'),(135053,'Fast_Food'),(135053,'Pizzeria'),(135054,'Seafood'),(135055,'Mexican'),(135057,'Bar'),(135058,'Pizzeria'),(135059,'Bar'),(135060,'Seafood'),(135062,'Mexican'),(135063,'Japanese'),(135064,'Mexican'),(135065,'Chinese'),(135066,'Mexican'),(135069,'Bar'),(135070,'Chinese'),(135071,'Bar'),(135071,'Bar_Pub_Brewery'),(135072,'Japanese'),(135073,'Bar'),(135073,'Bar_Pub_Brewery'),(135074,'Contemporary'),(135075,'Seafood'),(135076,'Chinese'),(135079,'Chinese'),(135080,'Japanese'),(135081,'Mexican'),(135082,'Chinese'),(135085,'Fast_Food'),(135086,'Burgers'),(135086,'Fast_Food'),(135088,'Cafeteria'),(135104,'Mexican'),(135106,'Mexican'),(135108,'Mexican'),(135109,'Italian');
/*!40000 ALTER TABLE `rescuisine` ENABLE KEYS */;
UNLOCK TABLES;

--
-- Table structure for table `restaurant`
--

DROP TABLE IF EXISTS `restaurant`;
/*!40101 SET @saved_cs_client     = @@character_set_client */;
/*!50503 SET character_set_client = utf8mb4 */;
CREATE TABLE `restaurant` (
  `placeID` int NOT NULL,
  `latitude` double DEFAULT NULL,
  `longitude` double DEFAULT NULL,
  `name` char(100) COLLATE utf8_bin DEFAULT NULL,
  `address` char(100) COLLATE utf8_bin DEFAULT NULL,
  `city` char(30) COLLATE utf8_bin DEFAULT NULL,
  `state` char(30) COLLATE utf8_bin DEFAULT NULL,
  `alcohol` char(30) COLLATE utf8_bin DEFAULT NULL,
  `smoking_area` char(30) COLLATE utf8_bin DEFAULT NULL,
  `dress_code` char(30) COLLATE utf8_bin DEFAULT NULL,
  `accessibility` char(30) COLLATE utf8_bin DEFAULT NULL,
  `price` int DEFAULT NULL,
  `Rambience` char(30) COLLATE utf8_bin DEFAULT NULL,
  `area` char(30) COLLATE utf8_bin DEFAULT NULL,
  PRIMARY KEY (`placeID`)
) ENGINE=InnoDB DEFAULT CHARSET=utf8mb3 COLLATE=utf8_bin;
/*!40101 SET character_set_client = @saved_cs_client */;

--
-- Dumping data for table `restaurant`
--

LOCK TABLES `restaurant` WRITE;
/*!40000 ALTER TABLE `restaurant` DISABLE KEYS */;
INSERT INTO `restaurant` VALUES (132560,23.7523041,-99.1669133,'puesto de gorditas','frente al tecnologico','victoria','tamaulipas','No_Alcohol_Served','permitted','informal','no_accessibility',1,'familiar','open'),(132561,23.726819,-99.1265059,'cafe ambar','','','','No_Alcohol_Served','','informal','completely',1,'familiar','closed'),(132564,23.7309245,-99.1451848,'churchs','','','','No_Alcohol_Served','','informal','completely',1,'familiar','closed'),(132572,22.1416471,-100.9927118,'Cafe Chaires','','San Luis Potosi','San Luis Potosi','No_Alcohol_Served','not permitted','informal','completely',1,'familiar','closed'),(132583,18.9222904,-99.234332,'McDonalds Centro','Rayon sn col. Centro','Cuernavaca','Morelos','No_Alcohol_Served','not permitted','informal','partially',1,'familiar','closed'),(132584,23.7523648,-99.1652879,'Gorditas Dona Tota','','','','No_Alcohol_Served','not permitted','informal','completely',2,'familiar','closed'),(132594,23.7521677,-99.165709,'tacos de barbacoa enfrente del Tec','','','','No_Alcohol_Served','not permitted','informal','completely',1,'familiar','open'),(132608,23.7588052,-99.1651297,'Hamburguesas La perica','cd. mier','victoria','Tamaulipas','No_Alcohol_Served','permitted','informal','completely',1,'quiet','open'),(132609,23.7602683,-99.1658646,'Pollo_Frito_Buenos_Aires','tampico','victoria','Tamaulipas','No_Alcohol_Served','not permitted','informal','completely',1,'quiet','closed'),(132613,23.7529035,-99.165076,'carnitas_mata','lic. Emilio portes gil','victoria','Tamaulipas','No_Alcohol_Served','permitted','informal','completely',2,'familiar','closed'),(132626,23.7375834,-99.1351318,'la perica hamburguesa','','victoria','tamaulipas','No_Alcohol_Served','','informal','completely',2,'familiar','closed'),(132630,23.7529305,-99.1644725,'palomo tec','blvrd emilio portes gil','victoria','tamaulipas','No_Alcohol_Served','','informal','completely',1,'familiar','closed'),(132654,23.7355234,-99.1295877,'Carnitas Mata  Calle 16 de Septiembre','16 de Septiembre','victoria','tamaulipas','No_Alcohol_Served','','informal','completely',1,'familiar','closed'),(132660,23.7529428,-99.1646791,'carnitas mata calle Emilio Portes Gil','Emilio Portes Gil','victoria','tamaulipas','No_Alcohol_Served','','informal','completely',1,'familiar','closed'),(132663,23.7525107,-99.1669536,'tacos abi','','victoria','tamaulipas','No_Alcohol_Served','','informal','completely',1,'familiar','closed'),(132665,23.7367977,-99.1342413,'TACOS CORRECAMINOS','','victoria','tamaulipas','No_Alcohol_Served','','informal','completely',1,'familiar','closed'),(132667,23.7526973,-99.1633594,'little pizza Emilio Portes Gil','calle emilio portes gil','victoria','tamaulipas','No_Alcohol_Served','','informal','completely',1,'familiar','closed'),(132668,23.738212,-99.1519547,'TACOS EL GUERO','','victoria','tamaulipas','No_Alcohol_Served','','informal','completely',1,'familiar','closed'),(132706,23.7292162,-99.1323571,'Gorditas Dona Tota','Zaragoza entre Francisco Zarco y Lopez Velarde','Cd. Victoria','Tamaulipas','No_Alcohol_Served','not permitted','informal','no_accessibility',2,'familiar','closed'),(132715,23.7324226,-99.1586602,'tacos de la estacion','','','','No_Alcohol_Served','','informal','no_accessibility',1,'quiet','open'),(132717,23.7318602,-99.1504365,'tortas hawai','','','','No_Alcohol_Served','not permitted','informal','partially',2,'familiar','closed'),(132723,22.1489337,-101.019845,'Gordas de morales','','','San Luis Potosi','Full_Bar','section','informal','completely',2,'familiar','closed'),(132732,23.7543569,-99.171288,'Taqueria EL amigo','Calle Mezquite Fracc Framboyanes','Cd Victoria','Tamaulipas','No_Alcohol_Served','','casual','completely',1,'familiar','open'),(132733,23.7527071,-99.1625655,'Little Cesarz','','Ciudad Victoria','Tamaulipas','No_Alcohol_Served','not permitted','informal','completely',2,'familiar','closed'),(132740,23.7521965,-99.1666317,'Carreton de Flautas y Migadas','','Ciudad Victoria','Tamaulipas','No_Alcohol_Served','permitted','informal','completely',1,'familiar','open'),(132754,22.1477379,-100.9906163,'Cabana Huasteca','Cuauhtemoc 455','San Luis Potosi','SLP','No_Alcohol_Served','','informal','partially',2,'familiar','closed'),(132755,22.153324,-101.0195459,'La Estrella de Dimas','Av. de los Pintores','San Luis Potosi','S.L.P.','No_Alcohol_Served','','informal','partially',2,'familiar','closed'),(132766,18.9101777,-99.2315438,'Mikasa','Himno nacional esq. Blvd. Juarez','Cuernavaca','Morelos','Wine-Beer','','informal','no_accessibility',2,'familiar','closed'),(132767,18.8820871,-99.1630268,'Restaurant Familiar El Chino','Paseo de las Fuentes','Jiutepec','Morelos','Wine-Beer','permitted','casual','partially',2,'familiar','open'),(132768,18.9257734,-99.2326355,'Mariscos Tia Licha','avenida salvador montiel','cuernavaca','morelos','No_Alcohol_Served','not permitted','casual','partially',2,'familiar','closed'),(132773,18.8699929,-99.2103195,'El cotorreo','Emiliano Zapata Col. Tres de Mayo','Cuernavaca','Morelos','Wine-Beer','permitted','informal','no_accessibility',1,'familiar','open'),(132825,22.1473922,-100.983092,'puesto de tacos','esquina santos degollado y leon guzman','s.l.p.','s.l.p.','No_Alcohol_Served','','informal','completely',1,'familiar','open'),(132830,22.1508494,-100.9397522,'Rincon Huasteco','','','','No_Alcohol_Served','','informal','completely',1,'familiar','closed'),(132834,22.156469,-100.98554,'Gorditas Doa Gloria','sevilla y olmedo 715 a','san luis potosi','san luis potosi','No_Alcohol_Served','not permitted','casual','no_accessibility',1,'familiar','closed'),(132845,22.1262926,-100.9007764,'Cenaduria El Rincan de Tlaquepaque','av. seminario','san luis potosi','san luis potosi','No_Alcohol_Served','','informal','no_accessibility',2,'familiar','closed'),(132846,22.1422732,-100.9426537,'el lechon potosino','circuito oriente esq. carretera 57','san luis potosi','slp','No_Alcohol_Served','permitted','casual','no_accessibility',1,'familiar','open'),(132847,22.1443365,-100.9373825,'don burguers','r.b. anaya esq. florencia','slp','slp','No_Alcohol_Served','','informal','no_accessibility',1,'familiar','open'),(132851,22.136872,-100.9345736,'KFC','','San Luis Potosi','San Luis Potosi','No_Alcohol_Served','not permitted','informal','completely',1,'familiar','closed'),(132854,22.1378633,-100.9383273,'Sirlone','carr. mexico','San Luis Potosi','San Luis Potosi','Wine-Beer','','informal','completely',2,'familiar','closed'),(132856,22.1513782,-100.9746337,'Unicols Pizza','Plaza del Carmen','San Luis Potosi','San Luis Potosi','Wine-Beer','','informal','completely',1,'familiar','closed'),(132858,22.1312917,-100.9371941,'Hamburguesas Valle Dorado','Av. Coral','San Luis Potosi','San Luis Potosi','No_Alcohol_Served','','informal','completely',1,'familiar','closed'),(132861,22.1480965,-101.0173023,'Carls Jr','Av. V. Carranza','San Luis Potosi','San Luis Potosi','No_Alcohol_Served','not permitted','informal','completely',2,'familiar','closed'),(132862,22.1506429,-100.9870148,'La Posada del Virrey','Av. V. Carranza','San Luis Potosi','San Luis Potosi','Wine-Beer','','casual','completely',3,'familiar','closed'),(132866,22.1412198,-100.9313107,'Chaires','Ricardo B. Anaya','San Luis Potosi','San Luis Potosi','No_Alcohol_Served','not permitted','informal','completely',2,'familiar','closed'),(132869,22.1412384,-100.9239252,'Dominos Pizza','Ricardo B. Anaya','San Luis Potosi','San Luis Potosi','No_Alcohol_Served','not permitted','informal','no_accessibility',2,'familiar','closed'),(132870,22.1430781,-100.9354788,'Tortas y hamburguesas el gordo','Ricardo B. Anaya','San Luis Potosi','San Luis Potosi','No_Alcohol_Served','not permitted','informal','no_accessibility',1,'familiar','closed'),(132872,22.1735955,-100.9946027,'Pizzeria Julios','','s.l.p','mexico','No_Alcohol_Served','not permitted','informal','partially',2,'familiar','closed'),(132875,22.1499013,-100.9937793,'shi ro ie','','','','Wine-Beer','section','informal','no_accessibility',3,'familiar','open'),(132877,22.1353639,-100.9349477,'sirloin stockade','','','','No_Alcohol_Served','','informal','completely',1,'familiar','closed'),(132884,22.1395776,-101.0278863,'dairy queen','','','','No_Alcohol_Served','','informal','completely',1,'familiar','closed'),(132885,22.1795169,-100.9584358,'Hamburguesas saul','Av. Saan Luis enttre moctezuma y salinas','San Luis Potosi','San Luis Potosi','No_Alcohol_Served','','informal','completely',1,'familiar','closed'),(132921,22.150305,-100.9891337,'crudalia','','','','Wine-Beer','section','casual','completely',1,'quiet','open'),(132922,22.1511348,-100.9823115,'cafe punta del cielo','','','','No_Alcohol_Served','permitted','formal','completely',2,'familiar','closed'),(132925,22.1534997,-100.976243,'el pueblito','','','','Wine-Beer','not permitted','informal','completely',2,'familiar','closed'),(132937,22.1500193,-100.9799203,'rockabilly','agustin de iturbide','san luis potosi','san luis potosi','Full_Bar','section','informal','completely',1,'quiet','closed'),(132951,22.1544736,-100.9858091,'VIPS','NICOLAS ZAPATA 300','San Luis Potosi','San Luis Potosi','No_Alcohol_Served','not permitted','casual','completely',1,'familiar','closed'),(132954,22.1603808,-100.9880447,'la parroquia','venustiano carranza','san luis potosi','san luis potosi','No_Alcohol_Served','not permitted','informal','partially',2,'familiar','closed'),(132955,22.147622,-101.0102749,'emilianos','venustiano carranza','san luis potos','mexico','Wine-Beer','','informal','completely',1,'familiar','closed'),(132958,22.1449787,-101.0056829,'tacos los volcanes','avenida hivno nacional','san luis potosi','san luis potos','No_Alcohol_Served','','informal','completely',1,'quiet','closed'),(134975,18.940828,-99.215426,'Rincon del Bife','','','','Full_Bar','section','informal','completely',3,'familiar','closed'),(134976,18.916654,-99.22711,'Log Yin','','','','No_Alcohol_Served','','informal','no_accessibility',1,'familiar','closed'),(134983,18.948657,-99.235361,'Restaurant and Bar and Clothesline Carlos N Charlies','Domingo 10 711 El Empleado','Cuernavaca','Morelos','Full_Bar','section','informal','no_accessibility',3,'familiar','closed'),(134986,18.928798,-99.239513,'Restaurant Las Mananitas','Ricardo Linares 107','Cuernavaca','Morelos','Wine-Beer','','formal','no_accessibility',3,'familiar','closed'),(134987,18.932725,-99.225211,'Chilis Cuernavaca','Rio Mayo Colonia Vista Hermosa Esq. Rio Balsas','Cuernavaca','Morelos','Wine-Beer','','informal','no_accessibility',2,'familiar','closed'),(134992,18.936683,-99.247366,'Restaurant Teely','La Pradera','Cuernavaca','Morelos','Wine-Beer','section','casual','no_accessibility',3,'familiar','closed'),(134996,18.923429,-99.216413,'Sanborns Casa Piedra','Lomas del Mirador','Cuernavaca','Morelos','Wine-Beer','only at bar','informal','no_accessibility',2,'familiar','closed'),(134999,18.915421,-99.184871,'Kiku Cuernavaca','Revolucion','Cuernavaca','Morelos','No_Alcohol_Served','','informal','no_accessibility',2,'familiar','closed'),(135000,18.870565,-99.226938,'Restaurant los Pinos','Federal Mexico - Acapulco 10 3 de Mayo','Cuernavaca','Morelos','No_Alcohol_Served','','informal','no_accessibility',2,'familiar','closed'),(135001,18.941859,-99.241927,'Vips','Emiliano Zapata No. 825 Tlaltenongo','Cuernavaca','Morelos','Wine-Beer','','informal','completely',2,'familiar','closed'),(135011,18.91061,-99.169539,'Los Vikingos','36 Sur Civac','Jiutepec','Morelos','No_Alcohol_Served','','informal','no_accessibility',2,'familiar','closed'),(135013,18.917441,-99.165945,'Giovannis','40 Norte Civac 1RA. Seccion','Jiutepec','Morelos','No_Alcohol_Served','','informal','no_accessibility',1,'familiar','closed'),(135016,18.869347,-99.209944,'Arrachela Grill','69 Tres De Mayo','Cuernavaca','Morelos','No_Alcohol_Served','','informal','no_accessibility',2,'familiar','closed'),(135018,18.859803,-99.222164,'El Oceano Dorado','Libramiento Burgos Colonia Las Animas','Cuernavaca','Morelos','Full_Bar','permitted','informal','completely',2,'familiar','open'),(135019,18.875011,-99.159422,'Restaurant Bar Coty y Pablo','Paseo de Las Fuentes 24 Pedregal de Las Fuentes','Jiutepec','Morelos','No_Alcohol_Served','','informal','completely',1,'familiar','closed'),(135021,18.933537,-99.222497,'Subway','Rio Mayo 17 Vista Hermosa','Cuernavaca','Morelos','No_Alcohol_Served','not permitted','informal','no_accessibility',1,'familiar','closed'),(135025,22.14955,-100.97797,'El Rincon de San Francisco','1a. de Lozada 1','San Luis Potosi','SLP','No_Alcohol_Served','','informal','no_accessibility',2,'familiar','closed'),(135026,22.148665,-101.001273,'la Cantina','Capitan Caldera No. 420 Tequisqueapan','San Luis Potosi','SLP','Full_Bar','','informal','no_accessibility',3,'familiar','closed'),(135027,22.147145,-100.974494,'Restaurant Orizatlan','Pascual M. Hernandez 240','San Luis Potosi','SLP','Wine-Beer','','informal','no_accessibility',2,'familiar','closed'),(135028,22.146658,-100.987219,'La Virreina','Av. Carranza 830','San Luis Potosi','SLP','Wine-Beer','','informal','no_accessibility',2,'familiar','closed'),(135030,22.14788,-100.989472,'Preambulo Wifi Zone Cafe','Anahuac 805','San Luis Potosi','SLP','No_Alcohol_Served','','informal','no_accessibility',2,'quiet','closed'),(135032,22.152481,-100.973486,'Cafeteria y Restaurant El Pacifico','Constitucion 200 Centro','San Luis Potosi','SLP','Wine-Beer','section','informal','no_accessibility',2,'familiar','closed'),(135033,22.14161,-100.973142,'Restaurant El Muladar de Calzada','De Guadalupe 460 San Miguelito','San Luis Potosi','SLP','No_Alcohol_Served','section','informal','no_accessibility',2,'familiar','closed'),(135034,22.140517,-101.021422,'Michiko Restaurant Japones','Cordillera de Los Alpes 160 Lomas 2 Seccion','San Luis Potosi','SLP','No_Alcohol_Served','','informal','no_accessibility',2,'familiar','closed'),(135035,22.145813,-101.018032,'El Mundo de la Pasta','Rio Papaloapan 265 Lomas de San Luis (3)','San Luis Potosi','SLP','No_Alcohol_Served','section','informal','no_accessibility',3,'familiar','closed'),(135038,22.155651,-100.977767,'Restaurant la Chalita','Guajardo Sn San Luis Potosi Centro','San Luis Potosi','SLP','No_Alcohol_Served','section','informal','no_accessibility',2,'familiar','closed'),(135039,22.145893,-100.97487,'Restaurant de Mariscos de Picon','Miguel Barragan 46 Centro','San Luis Potosi','SLP','No_Alcohol_Served','section','informal','no_accessibility',1,'familiar','closed'),(135040,22.135617,-100.969709,'Restaurant los Compadres','Camino a Simon Diaz 155 Centro','San Luis Potosi','SLP','Wine-Beer','','informal','no_accessibility',3,'familiar','closed'),(135041,22.15106,-100.977659,'Luna Cafe','Francisco I. Madero 215','San Luis Potosi','SLP','Wine-Beer','','informal','no_accessibility',2,'familiar','closed'),(135042,22.159357,-100.973411,'Restaurant Oriental Express','Tangamanga 7 Tangamanga','San Luis Potosi','SLP','No_Alcohol_Served','','informal','no_accessibility',2,'familiar','closed'),(135043,22.185756,-100.944518,'pizza clasica','524 Soledad de Graciano Sanchez','Soledad','SLP','No_Alcohol_Served','','informal','no_accessibility',2,'familiar','closed'),(135044,22.141848,-100.997475,'Restaurant Wu Zhuo Yi','Himno Nacional 100 Avenida','San Luis Potosi','SLP','No_Alcohol_Served','','informal','no_accessibility',2,'familiar','closed'),(135045,22.151189,-100.98179,'Restaurante la Gran Via','Venustiano Carranza 560 Centro','San Luis Potosi','SLP','Wine-Beer','','casual','no_accessibility',3,'familiar','closed'),(135046,22.141282,-101.002958,'Restaurante El Reyecito','Agricultura 595 del Valle','San Luis Potosi','SLP','No_Alcohol_Served','','informal','no_accessibility',2,'familiar','closed'),(135047,22.150921,-100.993828,'Restaurante Casa de las Flores','General Mariano Arista 1205 Barrio de Tequisquiap','San Luis Potosi','SLP','Wine-Beer','section','informal','no_accessibility',3,'familiar','closed'),(135048,22.142017,-100.999246,'Restaurante Bar Fu-hao','Jesus Goytortua 390 Tangamanga','San Luis Potosi','SLP','Wine-Beer','','informal','no_accessibility',3,'familiar','closed'),(135049,22.135011,-101.0286,'Restaurante de Mariscos la Langosta','Cordillera de Los Alpes 675 Loma Verde','San Luis Potosi','SLP','No_Alcohol_Served','','informal','no_accessibility',2,'familiar','closed'),(135050,22.174887,-100.970825,'Restaurante la Estrella de Dima','Soledad Sn Arboledas de Soledad','Soledad','SLP','Wine-Beer','','informal','no_accessibility',3,'familiar','closed'),(135051,22.151189,-100.977058,'Restaurante Versalles','Francisco I. Madero 145 Centro','San Luis Potosi','SLP','No_Alcohol_Served','section','informal','no_accessibility',1,'familiar','closed'),(135052,22.150981,-100.977412,'La Cantina Restaurante','Ignacio Aldama 300 Centro','San Luis Potosi','SLP','Full_Bar','','informal','no_accessibility',3,'familiar','closed'),(135053,22.178931,-101.012861,'La Fontana Pizza Restaurante and Cafe','Satelite 606 Satelite','San Luis Potosi','SLP','No_Alcohol_Served','section','informal','no_accessibility',3,'familiar','closed'),(135054,22.140626,-100.915657,'Restaurante y Pescaderia Tampico','Ricardo B. Anaya 2700 Estrella de Oriente','San Luis Potosi','SLP','No_Alcohol_Served','','informal','no_accessibility',3,'familiar','closed'),(135055,22.148854,-101.008472,'la Cochinita Pibil Restaurante Yucateco','Venustiano Carranza 2175 Jardin','San Luis Potosi','SLP','No_Alcohol_Served','section','informal','no_accessibility',3,'familiar','closed'),(135057,22.145992,-100.955118,'El Herradero Restaurante and Bar','Costado Sur Central Camionera Km 2','San Luis Potosi','SLP','Wine-Beer','section','informal','no_accessibility',2,'familiar','closed'),(135058,22.165587,-101.001273,'Restaurante Tiberius','Munoz Sn Centro','San Luis Potosi','SLP','No_Alcohol_Served','','informal','no_accessibility',2,'familiar','closed'),(135059,22.145108,-100.989547,'Restaurant Bar Hacienda los Martinez','Santos Degollado 745 los Alamitos','San Luis Potosi','SLP','Wine-Beer','section','informal','no_accessibility',2,'familiar','closed'),(135060,22.156883,-100.978485,'Restaurante Marisco Sam','Ignacio Allende 785 Centro','San Luis Potosi','SLP','No_Alcohol_Served','','informal','no_accessibility',2,'familiar','closed'),(135062,22.153703,-100.979033,'Restaurante El Cielo Potosino','Julian de Los Reyes 400 Centro','San Luis Potosi','SLP','No_Alcohol_Served','','informal','no_accessibility',2,'familiar','closed'),(135063,22.156724,-100.975556,'Restaurante Alhondiga','Alhondiga 62 Centro','San Luis Potosi','SLP','No_Alcohol_Served','','informal','no_accessibility',2,'familiar','closed'),(135064,22.154687,-100.996617,'Restaurante El Chivero S.A. de C.V.','Angel Veral 328 Altamira','San Luis Potosi','SLP','No_Alcohol_Served','','informal','no_accessibility',3,'familiar','closed'),(135065,22.14958,-100.999557,'El angel Restaurante','Venustiano Carranza 1625 Jardin','San Luis Potosi','SLP','Wine-Beer','section','informal','no_accessibility',3,'familiar','closed'),(135066,22.16835,-100.972466,'Restaurante Guerra','20 de Noviembre 1817 Tlaxcala','San Luis Potosi','SLP','Wine-Beer','section','informal','no_accessibility',3,'familiar','closed'),(135069,22.140129,-100.944872,'Abondance Restaurante Bar','Industrias 908 Valle Dorado','San Luis Potosi','SLP','Wine-Beer','','informal','no_accessibility',1,'familiar','closed'),(135070,22.152918,-100.915164,'Restaurante 75','Villa de Pozos 4497 Villa de Pozos','San Luis Potosi','SLP','No_Alcohol_Served','','informal','no_accessibility',2,'familiar','closed'),(135071,22.126375,-100.910926,'Restaurante la Cantina','De La Estrella 2005 Estrella de Oriente','San Luis Potosi','SLP','Full_Bar','section','informal','no_accessibility',2,'familiar','closed'),(135072,22.149192,-101.002936,'Sushi Itto','Venustiano Carranza 1809 C Polanco','San Luis Potosi','SLP','No_Alcohol_Served','','informal','no_accessibility',2,'familiar','closed'),(135073,22.147175,-100.974269,'Restaurante Bar El Gallinero','Pascual M. Hernandez 210 Centro','San Luis Potosi','SLP','Wine-Beer','section','informal','no_accessibility',3,'familiar','closed'),(135074,22.149689,-100.999525,'Restaurante la Parroquia Potosina','Venustiano Carranza 303 Centro','San Luis Potosi','SLP','Wine-Beer','section','informal','no_accessibility',3,'familiar','closed'),(135075,22.139573,-100.991564,'Mariscos El Pescador','Himno Nacional 2104 Tangamanga','San Luis Potosi','SLP','No_Alcohol_Served','','informal','no_accessibility',2,'familiar','closed'),(135076,22.181017,-100.973614,'Restaurante Pueblo Bonito','Mexico 2015 Providencia','San Luis Potosi','SLP','Wine-Beer','','informal','no_accessibility',3,'familiar','closed'),(135079,22.156376,-100.998355,'Koye Sushi','Nereo Rodriguez Barragan 450 E Centro','San Luis Potosi','SLP','No_Alcohol_Served','','informal','no_accessibility',3,'familiar','closed'),(135080,22.145008,-100.997969,'los Toneles','Estatuto Juridico 1040 Burocratas','San Luis Potosi','SLP','No_Alcohol_Served','section','informal','no_accessibility',3,'familiar','closed'),(135081,22.164842,-100.960493,'El Club','Mexico 810 Centro','San Luis Potosi','SLP','No_Alcohol_Served','','informal','no_accessibility',2,'familiar','closed'),(135082,22.151448,-100.915099,'la Estrella de Dimas','Villa de Pozos 192 Villa de Pozos','San Luis Potosi','SLP','No_Alcohol_Served','','informal','no_accessibility',2,'familiar','closed'),(135085,22.150802,-100.98268,'Tortas Locas Hipocampo','Venustiano Carranza 719 Centro','San Luis Potosi','SLP','No_Alcohol_Served','not permitted','informal','no_accessibility',2,'familiar','closed'),(135086,22.141421,-101.013955,'Mcdonalds Parque Tangamanga','Lateral Salvador Nava Martinez 3145','San Luis Potosi','SLP','No_Alcohol_Served','not permitted','informal','no_accessibility',2,'familiar','closed'),(135088,18.8760113,-99.2198896,'Cafeteria cenidet','Interior Internado Palmira SN','Cuernavaca','Morelos','No_Alcohol_Served','not permitted','informal','no_accessibility',1,'quiet','closed'),(135104,23.7529821,-99.1684341,'vips','','','','Full_Bar','not permitted','informal','completely',2,'familiar','closed'),(135106,22.1497088,-100.9760928,'El Rincan de San Francisco','Universidad 169','San Luis Potosi','San Luis Potosi','Wine-Beer','only at bar','informal','partially',2,'familiar','open'),(135108,22.1362534,-100.9335852,'Potzocalli','Carretera Central Sn','San Luis Potosi','','No_Alcohol_Served','','informal','completely',1,'familiar','closed'),(135109,18.9217848,-99.2353499,'Paniroles','','','','Wine-Beer','not permitted','informal','no_accessibility',2,'quiet','closed');
/*!40000 ALTER TABLE `restaurant` ENABLE KEYS */;
UNLOCK TABLES;

--
-- Table structure for table `review`
--

DROP TABLE IF EXISTS `review`;
/*!40101 SET @saved_cs_client     = @@character_set_client */;
/*!50503 SET character_set_client = utf8mb4 */;
CREATE TABLE `review` (
  `reviewID` int NOT NULL,
  `rating` int DEFAULT NULL,
  `food_rating` int DEFAULT NULL,
  `service_rating` int DEFAULT NULL,
  `userID` varchar(30) COLLATE utf8_bin NOT NULL,
  `placeID` int NOT NULL,
  PRIMARY KEY (`reviewID`,`userID`,`placeID`)
) ENGINE=InnoDB DEFAULT CHARSET=utf8mb3 COLLATE=utf8_bin;
/*!40101 SET character_set_client = @saved_cs_client */;

--
-- Dumping data for table `review`
--

LOCK TABLES `review` WRITE;
/*!40000 ALTER TABLE `review` DISABLE KEYS */;
INSERT INTO `review` VALUES (1000,2,2,2,'U1077',135085),(1001,2,2,1,'U1077',135038),(1002,2,2,2,'U1077',132825),(1003,1,2,2,'U1077',135060),(1004,1,1,2,'U1068',135104),(1005,0,0,0,'U1068',132740),(1006,1,1,1,'U1068',132663),(1007,0,0,0,'U1068',132732),(1008,1,1,1,'U1068',132630),(1009,2,2,2,'U1067',132584),(1010,1,1,1,'U1067',132733),(1011,1,2,2,'U1067',132732),(1012,1,0,1,'U1067',132630),(1013,0,0,0,'U1067',135104),(1014,1,0,0,'U1067',132560),(1015,1,2,1,'U1103',132584),(1016,0,0,2,'U1103',132732),(1017,1,2,0,'U1103',132630),(1018,2,2,2,'U1103',132613),(1019,1,2,2,'U1103',132667),(1020,1,2,0,'U1103',135104),(1021,1,0,2,'U1103',132663),(1022,2,2,2,'U1103',132733),(1023,2,2,1,'U1107',132660),(1024,2,2,2,'U1107',132584),(1025,2,2,2,'U1107',132733),(1026,2,2,2,'U1044',135088),(1027,1,2,1,'U1044',132583),(1028,2,2,1,'U1070',132608),(1029,1,1,1,'U1070',132609),(1030,1,1,0,'U1070',132613),(1031,0,0,0,'U1031',132663),(1032,0,0,0,'U1031',132665),(1033,0,0,0,'U1031',132668),(1034,1,1,1,'U1082',132630),(1035,0,0,0,'U1023',132715),(1036,0,0,0,'U1023',132717),(1037,0,0,0,'U1082',132613),(1038,0,0,0,'U1082',132594),(1039,0,0,0,'U1082',132608),(1040,0,0,0,'U1082',132609),(1041,0,0,0,'U1082',132663),(1042,0,0,0,'U1082',132560),(1043,2,2,2,'U1060',132564),(1044,2,2,2,'U1060',132717),(1045,2,1,2,'U1060',132733),(1046,1,2,1,'U1060',132740),(1047,0,0,0,'U1015',135071),(1048,1,2,1,'U1123',132733),(1049,1,2,1,'U1123',132608),(1050,2,2,2,'U1123',135104),(1051,1,2,0,'U1123',132584),(1052,1,2,1,'U1123',132667),(1053,1,1,1,'U1123',132740),(1054,1,2,1,'U1123',132613),(1055,1,1,1,'U1123',132594),(1056,2,2,1,'U1021',132740),(1057,2,2,2,'U1026',132626),(1058,2,2,2,'U1021',132668),(1059,2,2,1,'U1021',132715),(1060,0,0,0,'U1044',134987),(1061,2,2,2,'U1083',135034),(1062,1,1,1,'U1083',132723),(1063,2,2,1,'U1083',135046),(1064,2,2,2,'U1108',135075),(1065,1,2,1,'U1108',132572),(1066,2,2,1,'U1108',135074),(1067,1,1,1,'U1108',135028),(1068,1,2,1,'U1108',135085),(1069,2,1,2,'U1108',135032),(1070,1,1,0,'U1108',135086),(1071,2,2,2,'U1108',132723),(1072,1,2,1,'U1108',135046),(1073,1,1,1,'U1108',135058),(1074,1,1,2,'U1012',135001),(1075,2,2,2,'U1012',134983),(1076,2,2,2,'U1012',134996),(1077,2,2,2,'U1093',135019),(1078,2,2,2,'U1093',134996),(1079,2,2,2,'U1093',135001),(1080,2,2,1,'U1093',134976),(1081,2,2,2,'U1093',134999),(1082,2,2,2,'U1030',135018),(1083,2,2,1,'U1093',135013),(1084,2,2,2,'U1030',134986),(1085,2,2,2,'U1012',134986),(1086,2,2,2,'U1012',135018),(1087,1,0,1,'U1030',135088),(1088,2,2,2,'U1093',132767),(1089,0,0,0,'U1030',135016),(1090,1,1,0,'U1093',135011),(1091,0,0,0,'U1030',132767),(1092,0,0,0,'U1030',135019),(1093,0,0,0,'U1030',135109),(1094,0,0,0,'U1030',134996),(1095,1,2,2,'U1066',135011),(1096,1,1,1,'U1066',134999),(1097,2,2,2,'U1127',134975),(1098,2,1,1,'U1127',135021),(1099,2,0,2,'U1127',134987),(1100,2,2,2,'U1127',134996),(1101,1,1,1,'U1017',132768),(1102,2,1,0,'U1066',135019),(1103,2,1,1,'U1017',134975),(1104,0,0,1,'U1017',134983),(1105,1,2,1,'U1066',132767),(1106,2,1,0,'U1100',135021),(1107,2,1,1,'U1100',134996),(1108,1,2,2,'U1066',135013),(1109,2,1,1,'U1100',135000),(1110,2,2,2,'U1100',135001),(1111,2,2,2,'U1100',132768),(1112,2,2,1,'U1100',134976),(1113,1,1,1,'U1133',134983),(1114,2,2,2,'U1133',134986),(1115,1,1,0,'U1133',132766),(1116,0,0,0,'U1133',132767),(1117,2,2,2,'U1133',135021),(1118,2,2,2,'U1133',135001),(1119,1,1,1,'U1133',134975),(1120,1,2,1,'U1133',134992),(1121,1,2,0,'U1133',135019),(1122,0,0,0,'U1118',134987),(1123,1,2,2,'U1072',135016),(1124,2,1,2,'U1072',132773),(1125,0,1,0,'U1072',135088),(1126,1,1,1,'U1026',132561),(1127,0,2,0,'U1026',132706),(1128,0,0,0,'U1026',132654),(1129,2,2,2,'U1026',132665),(1130,0,0,0,'U1023',132740),(1131,2,2,2,'U1023',132733),(1132,1,1,1,'U1080',132668),(1133,2,2,2,'U1080',132660),(1134,1,1,1,'U1080',132733),(1135,2,2,2,'U1080',132608),(1136,2,2,2,'U1063',132660),(1137,2,1,1,'U1063',132584),(1138,1,0,1,'U1063',132609),(1139,1,2,1,'U1063',135104),(1140,1,2,1,'U1063',132667),(1141,1,1,1,'U1080',132564),(1142,1,1,1,'U1080',132715),(1143,0,0,0,'U1082',132732),(1144,0,0,0,'U1082',132733),(1145,2,1,2,'U1074',135011),(1146,2,2,2,'U1074',134987),(1147,2,2,2,'U1074',134976),(1148,1,1,1,'U1117',135018),(1149,0,0,1,'U1117',132766),(1150,1,1,2,'U1117',135088),(1151,2,2,1,'U1117',135016),(1152,1,2,2,'U1117',132773),(1153,1,1,1,'U1117',135000),(1154,0,0,0,'U1118',132583),(1155,0,0,0,'U1118',132768),(1156,2,0,0,'U1118',135021),(1157,0,0,0,'U1118',134983),(1158,0,0,0,'U1118',135001),(1159,0,0,0,'U1118',134992),(1160,1,2,0,'U1020',135088),(1161,2,2,2,'U1020',132768),(1162,1,1,1,'U1020',134996),(1163,2,2,1,'U1020',135109),(1164,1,1,1,'U1051',135088),(1165,1,1,1,'U1051',135109),(1166,1,2,1,'U1051',132768),(1167,1,2,2,'U1055',135051),(1168,2,2,2,'U1055',135075),(1169,2,2,2,'U1055',132572),(1170,2,2,2,'U1055',135028),(1171,2,2,2,'U1055',135025),(1172,2,2,2,'U1083',132572),(1173,0,0,0,'U1083',135049),(1174,2,2,2,'U1055',135106),(1175,1,2,2,'U1083',135072),(1176,2,2,2,'U1083',135074),(1177,2,2,2,'U1083',132755),(1178,1,2,2,'U1083',135044),(1179,2,2,2,'U1055',135048),(1180,2,2,2,'U1055',135047),(1181,2,2,2,'U1055',132754),(1182,2,2,2,'U1055',132825),(1183,1,1,1,'U1053',135076),(1184,2,2,1,'U1053',135032),(1185,1,2,0,'U1053',132825),(1186,2,1,2,'U1053',135063),(1187,1,2,1,'U1035',135018),(1188,2,1,2,'U1035',132773),(1189,2,1,2,'U1053',135042),(1190,2,2,0,'U1053',135053),(1191,1,2,1,'U1053',132754),(1192,1,0,2,'U1035',132583),(1193,2,2,1,'U1053',135081),(1194,2,1,2,'U1053',135025),(1195,2,1,2,'U1053',135038),(1196,2,2,1,'U1053',135060),(1197,2,1,1,'U1053',135062),(1198,2,2,2,'U1053',135047),(1199,1,2,1,'U1064',135042),(1200,1,0,1,'U1081',135069),(1201,1,1,2,'U1064',135057),(1202,1,2,2,'U1081',135076),(1203,0,0,1,'U1081',135043),(1204,0,0,1,'U1064',135069),(1205,0,0,0,'U1081',135039),(1206,1,0,1,'U1064',135060),(1207,2,0,2,'U1064',135052),(1208,1,0,1,'U1081',132825),(1209,0,1,1,'U1081',135032),(1210,1,2,2,'U1081',135028),(1211,1,2,1,'U1081',135085),(1212,0,1,1,'U1081',135052),(1213,1,1,1,'U1081',135030),(1214,0,1,1,'U1081',135027),(1215,1,1,1,'U1001',132830),(1216,2,2,1,'U1001',132825),(1217,1,2,1,'U1014',135076),(1218,0,2,2,'U1088',132830),(1219,2,2,2,'U1088',135108),(1220,1,0,1,'U1014',135069),(1221,2,2,2,'U1014',135050),(1222,1,2,2,'U1088',135057),(1223,2,1,1,'U1014',135081),(1224,1,0,2,'U1014',135057),(1225,2,2,2,'U1014',135070),(1226,2,2,2,'U1088',135041),(1227,1,2,2,'U1088',135069),(1228,2,2,2,'U1088',135082),(1229,1,0,0,'U1014',135043),(1230,1,1,0,'U1014',135042),(1231,0,0,0,'U1088',135071),(1232,2,2,2,'U1088',135054),(1233,2,2,1,'U1088',135070),(1234,2,1,2,'U1014',135066),(1235,2,2,2,'U1088',135032),(1236,1,2,2,'U1088',135081),(1237,2,1,2,'U1088',135051),(1238,2,2,1,'U1014',132830),(1239,0,0,0,'U1014',135082),(1240,2,2,2,'U1056',135066),(1241,0,0,0,'U1056',135050),(1242,2,2,2,'U1056',135076),(1243,2,2,2,'U1056',135081),(1244,2,2,2,'U1056',135062),(1245,2,2,2,'U1056',135027),(1246,2,2,2,'U1056',135085),(1247,2,2,2,'U1056',135052),(1248,2,2,2,'U1056',132825),(1249,2,2,2,'U1056',135051),(1250,1,1,1,'U1134',135047),(1251,0,0,0,'U1134',135026),(1252,1,1,1,'U1134',135044),(1253,1,2,1,'U1134',132825),(1254,2,1,0,'U1134',135059),(1255,2,2,2,'U1134',135065),(1256,2,1,1,'U1134',135046),(1257,2,1,2,'U1134',135085),(1258,1,1,2,'U1134',135079),(1259,2,2,2,'U1134',135055),(1260,2,1,1,'U1134',132754),(1261,0,0,0,'U1134',132572),(1262,2,1,1,'U1134',135075),(1263,1,1,1,'U1134',135080),(1264,2,2,2,'U1134',135064),(1265,2,2,2,'U1134',135074),(1266,1,1,1,'U1106',135041),(1267,0,0,0,'U1126',135069),(1268,0,0,0,'U1106',135032),(1269,2,2,2,'U1126',135057),(1270,0,0,0,'U1126',132830),(1271,2,1,0,'U1106',135028),(1272,0,0,0,'U1126',135040),(1273,2,2,2,'U1126',135106),(1274,2,1,1,'U1126',135052),(1275,2,1,1,'U1126',135041),(1276,1,0,1,'U1126',135038),(1277,1,2,1,'U1126',135054),(1278,2,2,1,'U1126',135108),(1279,2,2,2,'U1044',134986),(1280,1,1,1,'U1124',135054),(1281,2,2,2,'U1044',132768),(1282,1,1,1,'U1124',135108),(1283,1,1,1,'U1124',135032),(1284,1,0,1,'U1124',135071),(1285,1,1,1,'U1124',135070),(1286,1,1,1,'U1124',135069),(1287,1,1,0,'U1124',135081),(1288,1,1,1,'U1124',135057),(1289,1,1,1,'U1124',135039),(1290,0,1,0,'U1124',135050),(1291,0,0,0,'U1018',135043),(1292,1,1,2,'U1125',135043),(1293,0,0,2,'U1125',135081),(1294,1,1,1,'U1125',135076),(1295,2,2,2,'U1018',135082),(1296,2,1,1,'U1125',135050),(1297,1,0,1,'U1125',135066),(1298,1,2,1,'U1125',135032),(1299,2,2,2,'U1119',134986),(1300,0,0,0,'U1119',135021),(1301,2,2,2,'U1119',135001),(1302,1,1,1,'U1125',135042),(1303,2,2,2,'U1119',132583),(1304,1,2,1,'U1125',135063),(1305,2,2,2,'U1119',132768),(1306,1,0,2,'U1125',135060),(1307,2,2,1,'U1125',135038),(1308,1,2,1,'U1125',135062),(1309,1,1,1,'U1018',135081),(1310,1,1,0,'U1018',135057),(1311,1,1,1,'U1018',135066),(1312,1,1,1,'U1018',135032),(1313,0,0,1,'U1018',135062),(1314,1,1,1,'U1018',135025),(1315,0,1,1,'U1018',135069),(1316,1,0,1,'U1018',135108),(1317,2,2,1,'U1076',135039),(1318,1,2,2,'U1076',135038),(1319,0,1,1,'U1076',135027),(1320,2,2,2,'U1076',135042),(1321,0,0,0,'U1022',135040),(1322,2,1,1,'U1076',135073),(1323,1,1,2,'U1022',135033),(1324,0,0,0,'U1022',135025),(1325,1,1,2,'U1022',135032),(1326,2,2,2,'U1022',135057),(1327,1,1,2,'U1022',135060),(1328,2,2,2,'U1022',135052),(1329,2,1,2,'U1022',135038),(1330,0,2,1,'U1022',135081),(1331,2,1,1,'U1022',135045),(1332,2,1,1,'U1022',135051),(1333,2,2,2,'U1022',135073),(1334,1,2,1,'U1022',135062),(1335,2,1,2,'U1022',135063),(1336,0,0,0,'U1094',135054),(1337,0,0,0,'U1094',135082),(1338,0,1,0,'U1094',135057),(1339,0,1,0,'U1094',135071),(1340,0,1,0,'U1094',132830),(1341,0,1,0,'U1094',135070),(1342,0,1,1,'U1094',135108),(1343,0,1,0,'U1094',135069),(1344,2,2,2,'U1116',135047),(1345,0,0,0,'U1116',135060),(1346,2,2,2,'U1116',135038),(1347,2,2,2,'U1116',135085),(1348,2,2,2,'U1116',135052),(1349,2,2,2,'U1116',135025),(1350,0,2,2,'U1116',135059),(1351,0,2,2,'U1116',135027),(1352,2,2,2,'U1116',132825),(1353,1,2,2,'U1116',135030),(1354,2,2,2,'U1116',132834),(1355,0,0,0,'U1105',135057),(1356,0,0,0,'U1105',135069),(1357,0,0,0,'U1105',132830),(1358,0,0,0,'U1105',135040),(1359,0,0,0,'U1105',135033),(1360,0,0,0,'U1105',135054),(1361,0,0,0,'U1105',135039),(1362,0,0,0,'U1105',135052),(1363,1,2,1,'U1075',135081),(1364,2,1,2,'U1075',135066),(1365,2,2,2,'U1075',135050),(1366,1,1,1,'U1007',135108),(1367,2,2,0,'U1075',135076),(1368,1,1,2,'U1007',135057),(1369,1,1,1,'U1075',135032),(1370,1,2,1,'U1075',132834),(1371,2,1,1,'U1075',135057),(1372,1,1,1,'U1075',132830),(1373,1,0,1,'U1075',135062),(1374,2,2,0,'U1075',135039),(1375,1,1,1,'U1075',135051),(1376,1,1,0,'U1075',135041),(1377,2,2,2,'U1115',135057),(1378,2,2,2,'U1115',135082),(1379,0,0,1,'U1115',135054),(1380,1,2,2,'U1115',135108),(1381,1,0,1,'U1115',135069),(1382,2,2,2,'U1115',132830),(1383,1,1,1,'U1115',135070),(1384,2,2,2,'U1115',135071),(1385,0,0,0,'U1072',135000),(1386,1,1,1,'U1024',132834),(1387,1,1,1,'U1024',135106),(1388,1,2,1,'U1024',135042),(1389,1,1,0,'U1024',132825),(1390,1,0,2,'U1024',135060),(1391,2,2,2,'U1024',135032),(1392,2,2,2,'U1024',135039),(1393,2,2,0,'U1024',135045),(1394,1,2,0,'U1024',135027),(1395,1,2,0,'U1024',135073),(1396,1,1,0,'U1024',135051),(1397,1,1,1,'U1024',135041),(1398,1,1,0,'U1024',135038),(1399,1,1,1,'U1024',135028),(1400,1,1,1,'U1024',135030),(1401,1,1,1,'U1132',135038),(1402,2,2,2,'U1132',132825),(1403,2,2,2,'U1132',135085),(1404,2,1,1,'U1132',135062),(1405,1,1,2,'U1132',135025),(1406,2,2,2,'U1132',135052),(1407,2,2,2,'U1132',135028),(1408,1,0,1,'U1132',135032),(1409,1,1,0,'U1132',135051),(1410,2,1,0,'U1132',135027),(1411,1,2,1,'U1005',135050),(1412,2,2,1,'U1005',135076),(1413,1,1,0,'U1005',132830),(1414,2,1,1,'U1005',135066),(1415,1,1,1,'U1005',135041),(1416,1,2,1,'U1005',135057),(1417,0,2,0,'U1005',135043),(1418,2,1,2,'U1005',135042),(1419,2,1,2,'U1005',135032),(1420,0,0,0,'U1120',135085),(1421,1,0,2,'U1120',132845),(1422,1,1,1,'U1120',135032),(1423,1,2,2,'U1120',135045),(1424,0,0,0,'U1120',135038),(1425,1,1,1,'U1004',135060),(1426,2,2,2,'U1004',135028),(1427,2,2,2,'U1004',135106),(1428,2,2,2,'U1120',135057),(1429,2,2,1,'U1004',135062),(1430,1,1,1,'U1120',135026),(1431,2,2,2,'U1004',135032),(1432,2,2,1,'U1120',132846),(1433,0,1,1,'U1077',135027),(1434,2,2,2,'U1120',132847),(1435,2,1,1,'U1037',135054),(1436,0,0,0,'U1037',135082),(1437,0,0,0,'U1037',135070),(1438,0,0,0,'U1037',132845),(1439,2,2,2,'U1037',135108),(1440,1,1,1,'U1037',132847),(1441,2,2,2,'U1037',132830),(1442,2,2,2,'U1035',135000),(1443,2,1,2,'U1035',134996),(1444,2,2,2,'U1035',134986),(1445,1,0,2,'U1052',132851),(1446,1,2,2,'U1036',132834),(1447,2,2,1,'U1036',135064),(1448,2,2,2,'U1036',135079),(1449,2,2,2,'U1036',135042),(1450,2,2,2,'U1036',135085),(1451,2,2,2,'U1036',135025),(1452,2,2,2,'U1036',132825),(1453,2,2,2,'U1036',135059),(1454,2,2,2,'U1036',135052),(1455,2,2,2,'U1036',132754),(1456,0,0,0,'U1036',135065),(1457,2,2,2,'U1036',135045),(1458,1,2,2,'U1038',132854),(1459,0,1,1,'U1038',132856),(1460,0,2,1,'U1038',132858),(1461,1,1,2,'U1038',132861),(1462,2,2,2,'U1038',132862),(1463,2,2,2,'U1071',132862),(1464,2,1,2,'U1071',135063),(1465,2,2,2,'U1071',135052),(1466,1,2,2,'U1071',135060),(1467,2,2,2,'U1071',135042),(1468,2,2,2,'U1071',132825),(1469,2,2,2,'U1071',132856),(1470,2,2,2,'U1071',135032),(1471,1,1,1,'U1071',132834),(1472,2,2,2,'U1071',135039),(1473,2,2,2,'U1071',135028),(1474,2,2,2,'U1071',135025),(1475,2,2,2,'U1071',135030),(1476,0,0,0,'U1114',135053),(1477,1,0,2,'U1084',135058),(1478,2,2,2,'U1084',132862),(1479,2,2,2,'U1084',135072),(1480,2,2,2,'U1084',135030),(1481,2,2,2,'U1084',135026),(1482,2,2,2,'U1084',135035),(1483,2,2,2,'U1084',135045),(1484,2,2,2,'U1084',132861),(1485,2,2,2,'U1084',135085),(1486,1,0,1,'U1084',132723),(1487,0,0,0,'U1049',132825),(1488,0,0,0,'U1049',135041),(1489,0,0,0,'U1019',132830),(1490,0,0,0,'U1019',135076),(1491,0,0,0,'U1019',135038),(1492,0,0,0,'U1019',132856),(1493,0,0,0,'U1069',135070),(1494,0,0,0,'U1069',135082),(1495,0,0,0,'U1069',135108),(1496,0,0,0,'U1069',132858),(1497,0,0,0,'U1069',135069),(1498,0,0,0,'U1069',132846),(1499,0,0,0,'U1069',132845),(1500,1,0,0,'U1069',132851),(1501,0,2,0,'U1069',132847),(1502,1,2,0,'U1113',135038),(1503,2,2,1,'U1113',135057),(1504,1,2,1,'U1113',135085),(1505,0,0,0,'U1113',135032),(1506,1,2,1,'U1113',135079),(1507,2,2,1,'U1113',135046),(1508,0,1,0,'U1113',132856),(1509,0,0,0,'U1113',132854),(1510,0,0,1,'U1104',135039),(1511,1,2,1,'U1104',132825),(1512,2,2,1,'U1104',135085),(1513,2,1,1,'U1104',135030),(1514,1,1,2,'U1104',135062),(1515,0,0,0,'U1106',135047),(1516,0,0,0,'U1106',135052),(1517,1,2,1,'U1104',132834),(1518,0,0,0,'U1106',135106),(1519,2,2,1,'U1106',132754),(1520,1,1,1,'U1104',135052),(1521,0,1,0,'U1106',132856),(1522,2,1,1,'U1104',135032),(1523,2,1,1,'U1104',135025),(1524,2,1,1,'U1106',132834),(1525,1,2,1,'U1104',135047),(1526,2,0,0,'U1106',135042),(1527,2,1,1,'U1106',135039),(1528,2,2,1,'U1052',132866),(1529,2,1,2,'U1106',135066),(1530,2,2,2,'U1106',135085),(1531,1,1,2,'U1104',135033),(1532,2,2,1,'U1106',135062),(1533,2,2,2,'U1106',132862),(1534,2,2,1,'U1106',135030),(1535,2,2,2,'U1106',135079),(1536,2,2,2,'U1106',135064),(1537,2,2,1,'U1052',132869),(1538,1,1,1,'U1052',132870),(1539,1,2,1,'U1104',135041),(1540,2,2,2,'U1079',134986),(1541,1,1,0,'U1079',134976),(1542,2,2,2,'U1079',132768),(1543,1,2,1,'U1079',132766),(1544,2,1,1,'U1045',132825),(1545,0,0,0,'U1045',135064),(1546,1,2,2,'U1045',132856),(1547,2,2,2,'U1045',135085),(1548,0,0,0,'U1045',135032),(1549,1,1,1,'U1045',132834),(1550,1,2,2,'U1045',135052),(1551,2,2,2,'U1045',135060),(1552,2,2,2,'U1045',135051),(1553,1,2,1,'U1045',135041),(1554,1,2,1,'U1009',132754),(1555,2,1,2,'U1009',132862),(1556,1,1,1,'U1009',135060),(1557,2,1,1,'U1009',135059),(1558,2,2,1,'U1009',132834),(1559,1,1,2,'U1009',135058),(1560,2,2,2,'U1009',135038),(1561,1,1,0,'U1009',132825),(1562,2,1,0,'U1009',135052),(1563,0,0,0,'U1009',135063),(1564,1,2,2,'U1009',135079),(1565,2,2,2,'U1016',132834),(1566,1,2,2,'U1016',135042),(1567,2,2,2,'U1016',135032),(1568,2,2,2,'U1016',135106),(1569,2,2,2,'U1016',132856),(1570,2,2,2,'U1016',135045),(1571,2,2,2,'U1016',135060),(1572,2,2,2,'U1016',135066),(1573,2,2,0,'U1016',135085),(1574,2,2,2,'U1016',135052),(1575,2,2,2,'U1016',132862),(1576,2,2,0,'U1016',135051),(1577,2,2,2,'U1016',135062),(1578,0,0,0,'U1047',132875),(1579,0,0,0,'U1047',132877),(1580,0,0,0,'U1047',132884),(1581,1,2,2,'U1095',132872),(1582,2,2,2,'U1095',135034),(1583,1,2,2,'U1095',135058),(1584,1,1,1,'U1034',135086),(1585,1,1,1,'U1095',132861),(1586,0,0,0,'U1034',135049),(1587,1,0,1,'U1034',132723),(1588,2,2,2,'U1095',132723),(1589,1,2,1,'U1095',135086),(1590,2,2,2,'U1095',135055),(1591,1,2,1,'U1007',135058),(1592,1,2,0,'U1007',135085),(1593,1,1,1,'U1095',135064),(1594,2,2,2,'U1095',135035),(1595,2,2,2,'U1095',135072),(1596,1,1,1,'U1007',135025),(1597,1,1,0,'U1007',135032),(1598,0,0,0,'U1007',135086),(1599,1,1,1,'U1007',132572),(1600,1,1,0,'U1007',135038),(1601,1,1,1,'U1078',132885),(1602,1,1,0,'U1099',135076),(1603,2,2,2,'U1099',132834),(1604,1,1,1,'U1008',132866),(1605,1,2,1,'U1008',132858),(1606,2,2,2,'U1099',135043),(1607,0,0,0,'U1099',132885),(1608,2,2,1,'U1008',132854),(1609,1,1,2,'U1099',132872),(1610,1,1,0,'U1008',135108),(1611,1,1,1,'U1008',132851),(1612,1,1,0,'U1099',132856),(1613,1,1,1,'U1008',132869),(1614,1,1,1,'U1099',135066),(1615,1,1,1,'U1008',135069),(1616,0,1,1,'U1099',135038),(1617,2,2,2,'U1099',135060),(1618,1,1,1,'U1099',135045),(1619,1,1,1,'U1008',132846),(1620,1,1,1,'U1008',135054),(1621,1,1,1,'U1099',135042),(1622,1,1,1,'U1040',132773),(1623,1,1,1,'U1040',134999),(1624,2,2,2,'U1040',135013),(1625,1,2,1,'U1040',135019),(1626,0,0,0,'U1121',135021),(1627,1,2,1,'U1110',135021),(1628,2,2,2,'U1110',132767),(1629,2,2,2,'U1110',135013),(1630,2,2,2,'U1110',134999),(1631,2,2,2,'U1121',135019),(1632,2,2,2,'U1121',132767),(1633,2,2,2,'U1121',134999),(1634,2,2,1,'U1042',132768),(1635,1,2,0,'U1042',135021),(1636,2,2,2,'U1042',134996),(1637,1,1,1,'U1013',135079),(1638,2,1,1,'U1013',135072),(1639,1,2,0,'U1013',135085),(1640,1,1,0,'U1013',135076),(1641,2,2,0,'U1054',135062),(1642,2,2,2,'U1054',135060),(1643,2,2,1,'U1054',135039),(1644,2,2,1,'U1054',135052),(1645,2,2,2,'U1054',132856),(1646,2,2,0,'U1054',135051),(1647,2,2,2,'U1054',135025),(1648,2,2,2,'U1054',135041),(1649,2,1,1,'U1054',135038),(1650,1,1,1,'U1054',135032),(1651,2,1,2,'U1054',135045),(1652,2,2,2,'U1042',134986),(1653,1,2,1,'U1042',134992),(1654,2,2,1,'U1111',132845),(1655,2,2,2,'U1111',135071),(1656,1,1,1,'U1111',132858),(1657,2,2,2,'U1111',132854),(1658,1,1,1,'U1111',132877),(1659,1,0,0,'U1037',135071),(1660,2,1,0,'U1111',132851),(1661,2,1,0,'U1111',135108),(1662,0,0,0,'U1111',132869),(1663,1,1,2,'U1037',132869),(1664,0,0,0,'U1111',132870),(1665,2,2,1,'U1037',132851),(1666,0,0,0,'U1111',132847),(1667,1,0,0,'U1111',135082),(1668,1,2,0,'U1037',132854),(1669,1,1,1,'U1015',132845),(1670,0,1,1,'U1015',132866),(1671,0,0,1,'U1015',132870),(1672,1,1,1,'U1015',135054),(1673,2,2,2,'U1015',132869),(1674,1,1,1,'U1015',132851),(1675,1,1,2,'U1015',132877),(1676,0,0,0,'U1128',132872),(1677,0,0,0,'U1062',132872),(1678,1,1,1,'U1101',135039),(1679,2,1,1,'U1101',135027),(1680,1,1,1,'U1101',135073),(1681,0,0,0,'U1101',135106),(1682,1,0,1,'U1101',132856),(1683,2,2,1,'U1101',135032),(1684,2,2,1,'U1101',135038),(1685,2,0,2,'U1101',135051),(1686,2,1,1,'U1101',135052),(1687,0,0,0,'U1101',135041),(1688,0,1,1,'U1001',135085),(1689,1,1,1,'U1001',135040),(1690,1,1,1,'U1001',135039),(1691,1,1,1,'U1001',135045),(1692,1,1,1,'U1001',135033),(1693,2,2,2,'U1001',135025),(1694,1,1,2,'U1001',135051),(1695,0,0,0,'U1135',135085),(1696,0,0,0,'U1135',135106),(1697,0,0,0,'U1135',135052),(1698,0,0,0,'U1135',135041),(1699,1,1,1,'U1032',132872),(1700,2,1,0,'U1032',135058),(1701,2,2,0,'U1032',135079),(1702,1,1,1,'U1032',135085),(1703,0,1,0,'U1032',135042),(1704,1,1,0,'U1032',132856),(1705,0,0,0,'U1135',132825),(1706,0,0,0,'U1135',132834),(1707,1,1,0,'U1032',135038),(1708,1,1,0,'U1032',132834),(1709,1,1,1,'U1032',135060),(1710,0,0,0,'U1135',135058),(1711,0,0,0,'U1032',135032),(1712,0,0,0,'U1135',135063),(1713,0,0,0,'U1135',132856),(1714,0,0,0,'U1135',135045),(1715,0,0,0,'U1135',135028),(1716,0,0,0,'U1135',135032),(1717,0,0,0,'U1135',135042),(1718,0,0,0,'U1135',135060),(1719,1,0,2,'U1048',135049),(1720,2,2,2,'U1048',135026),(1721,2,2,1,'U1048',135034),(1722,0,1,0,'U1048',135048),(1723,2,2,0,'U1048',135065),(1724,2,2,2,'U1048',132755),(1725,2,2,2,'U1048',132723),(1726,0,0,0,'U1062',135085),(1727,0,0,0,'U1062',135053),(1728,1,0,0,'U1092',135071),(1729,0,0,0,'U1062',132825),(1730,0,0,0,'U1092',135085),(1731,0,0,0,'U1062',135052),(1732,0,0,0,'U1092',135046),(1733,0,0,0,'U1062',135062),(1734,1,0,0,'U1092',132572),(1735,0,0,0,'U1062',135038),(1736,0,0,0,'U1062',135045),(1737,2,1,1,'U1092',135025),(1738,0,0,0,'U1062',132834),(1739,1,1,1,'U1092',132723),(1740,1,1,2,'U1051',134996),(1741,2,2,1,'U1013',132875),(1742,2,2,2,'U1085',135043),(1743,0,0,0,'U1085',132885),(1744,2,2,2,'U1085',135050),(1745,2,2,2,'U1085',135076),(1746,2,2,2,'U1085',135081),(1747,2,2,2,'U1109',135028),(1748,1,1,1,'U1109',132856),(1749,0,0,0,'U1085',135042),(1750,2,2,1,'U1085',135059),(1751,2,2,2,'U1109',132825),(1752,0,2,2,'U1085',132872),(1753,2,2,2,'U1085',135055),(1754,2,2,2,'U1109',135032),(1755,2,2,2,'U1085',132825),(1756,2,2,2,'U1109',135063),(1757,2,2,2,'U1109',135042),(1758,2,2,2,'U1109',135058),(1759,2,2,2,'U1109',135085),(1760,2,2,2,'U1109',135038),(1761,1,1,1,'U1109',132872),(1762,1,1,1,'U1078',135081),(1763,2,2,2,'U1078',135060),(1764,2,2,2,'U1078',135106),(1765,2,1,2,'U1078',135041),(1766,0,2,1,'U1078',132834),(1767,2,2,2,'U1078',135052),(1768,0,0,0,'U1019',135079),(1769,2,2,2,'U1102',132846),(1770,1,1,0,'U1098',132885),(1771,2,1,2,'U1098',135060),(1772,1,2,1,'U1098',132856),(1773,1,0,2,'U1046',135026),(1774,2,1,1,'U1122',135066),(1775,2,2,2,'U1122',135065),(1776,2,2,2,'U1122',132872),(1777,2,0,2,'U1122',135058),(1778,2,1,1,'U1122',132834),(1779,2,1,2,'U1122',132754),(1780,2,2,2,'U1122',135079),(1781,2,2,2,'U1122',135038),(1782,2,2,1,'U1122',135085),(1783,2,1,1,'U1122',135030),(1784,1,1,1,'U1122',135064),(1785,2,2,2,'U1122',135053),(1786,2,2,1,'U1138',132921),(1787,2,2,2,'U1138',132922),(1788,1,2,1,'U1138',132925),(1789,2,2,1,'U1013',132921),(1790,1,2,1,'U1098',135085),(1791,1,1,1,'U1098',132825),(1792,2,1,1,'U1098',135079),(1793,2,1,1,'U1098',135032),(1794,1,1,1,'U1098',135038),(1795,2,2,1,'U1098',132861),(1796,1,2,1,'U1098',135046),(1797,1,2,2,'U1098',132862),(1798,1,2,1,'U1098',132921),(1799,0,0,0,'U1034',132884),(1800,0,0,0,'U1034',135055),(1801,1,1,1,'U1034',135035),(1802,1,1,1,'U1033',135065),(1803,2,1,1,'U1033',135028),(1804,2,2,2,'U1033',135085),(1805,2,1,1,'U1033',135046),(1806,2,1,2,'U1033',135045),(1807,2,1,0,'U1033',132951),(1808,1,0,0,'U1033',132572),(1809,2,1,1,'U1033',132921),(1810,2,1,0,'U1033',135075),(1811,1,1,1,'U1033',135038),(1812,2,1,1,'U1033',135030),(1813,1,1,1,'U1089',135058),(1814,1,1,1,'U1089',135064),(1815,1,1,1,'U1089',135028),(1816,1,1,1,'U1089',132951),(1817,0,0,0,'U1003',135064),(1818,1,1,1,'U1089',132921),(1819,2,2,1,'U1003',132825),(1820,1,1,1,'U1089',132754),(1821,2,2,2,'U1003',135075),(1822,1,1,1,'U1089',135026),(1823,1,2,2,'U1003',132862),(1824,1,1,1,'U1089',132872),(1825,1,1,1,'U1089',135085),(1826,0,1,1,'U1003',135041),(1827,1,1,1,'U1089',135072),(1828,1,1,1,'U1089',132834),(1829,2,2,1,'U1003',132937),(1830,1,1,1,'U1089',132875),(1831,0,0,0,'U1089',135038),(1832,2,2,2,'U1003',132922),(1833,0,1,1,'U1091',132825),(1834,2,2,2,'U1091',135075),(1835,0,0,0,'U1089',135079),(1836,2,2,1,'U1003',132723),(1837,1,1,1,'U1091',132861),(1838,2,2,1,'U1003',132755),(1839,1,2,2,'U1091',132875),(1840,2,1,2,'U1003',135080),(1841,1,1,1,'U1091',135086),(1842,2,2,2,'U1003',135079),(1843,0,0,0,'U1027',135066),(1844,0,1,1,'U1091',135080),(1845,1,1,1,'U1027',132921),(1846,2,2,2,'U1091',132572),(1847,1,1,1,'U1027',135052),(1848,2,2,2,'U1091',132884),(1849,1,1,1,'U1091',135035),(1850,1,1,1,'U1027',132937),(1851,1,1,1,'U1027',132951),(1852,1,1,1,'U1027',132925),(1853,1,1,1,'U1027',132872),(1854,1,1,1,'U1027',132875),(1855,1,1,1,'U1027',135085),(1856,1,1,1,'U1027',135042),(1857,1,1,1,'U1027',135062),(1858,1,1,1,'U1029',135047),(1859,2,1,1,'U1029',135059),(1860,1,1,1,'U1029',132937),(1861,1,1,1,'U1029',135085),(1862,0,1,0,'U1029',132834),(1863,0,0,0,'U1029',132754),(1864,1,1,0,'U1029',132825),(1865,1,1,1,'U1029',132921),(1866,1,1,1,'U1029',132862),(1867,1,1,1,'U1029',132922),(1868,1,1,1,'U1086',135063),(1869,1,1,1,'U1086',132921),(1870,2,1,1,'U1086',135085),(1871,2,1,2,'U1086',132922),(1872,2,0,1,'U1086',132937),(1873,2,2,2,'U1086',135045),(1874,2,2,2,'U1086',135041),(1875,1,1,1,'U1086',135060),(1876,1,1,1,'U1086',132951),(1877,0,0,0,'U1019',132921),(1878,0,0,0,'U1019',132834),(1879,2,2,2,'U1137',132951),(1880,0,0,0,'U1019',135062),(1881,0,0,0,'U1019',135086),(1882,2,1,2,'U1137',135085),(1883,2,2,2,'U1137',132834),(1884,1,1,2,'U1090',132572),(1885,2,2,2,'U1137',132862),(1886,0,2,2,'U1137',135058),(1887,2,0,2,'U1137',135059),(1888,2,2,2,'U1137',135062),(1889,2,2,1,'U1137',132825),(1890,2,2,2,'U1137',132723),(1891,2,2,2,'U1137',132755),(1892,2,2,2,'U1137',135042),(1893,2,2,2,'U1137',132884),(1894,2,2,2,'U1137',135049),(1895,2,2,2,'U1137',135075),(1896,0,0,0,'U1114',132825),(1897,0,0,0,'U1114',135065),(1898,0,0,0,'U1114',135058),(1899,0,0,0,'U1114',132723),(1900,0,0,0,'U1114',132951),(1901,1,1,1,'U1114',132872),(1902,0,0,0,'U1114',132834),(1903,0,0,0,'U1114',135072),(1904,0,0,0,'U1114',132754),(1905,1,2,1,'U1114',132755),(1906,1,2,1,'U1061',132825),(1907,2,2,2,'U1061',135048),(1908,1,2,1,'U1061',132921),(1909,2,2,2,'U1061',135026),(1910,2,2,1,'U1061',132723),(1911,2,2,2,'U1061',135075),(1912,2,2,2,'U1061',135034),(1913,2,2,2,'U1061',135041),(1914,1,1,0,'U1013',132572),(1915,2,2,1,'U1013',135075),(1916,1,2,1,'U1061',135046),(1917,1,2,2,'U1061',132572),(1918,1,1,1,'U1061',135058),(1919,1,1,0,'U1046',135044),(1920,2,2,2,'U1046',135065),(1921,2,1,2,'U1046',132921),(1922,1,2,1,'U1046',135085),(1923,1,2,0,'U1046',132572),(1924,2,2,1,'U1046',135058),(1925,1,1,2,'U1046',132951),(1926,1,2,2,'U1046',132861),(1927,1,1,1,'U1041',135001),(1928,2,2,2,'U1041',134983),(1929,2,2,2,'U1041',135021),(1930,2,2,2,'U1041',134992),(1931,2,2,1,'U1041',132768),(1932,1,2,1,'U1041',135109),(1933,2,2,2,'U1004',132954),(1934,2,2,2,'U1004',132955),(1935,2,2,2,'U1004',132958),(1936,2,2,2,'U1003',132754),(1937,1,1,0,'U1059',135064),(1938,2,2,1,'U1059',135075),(1939,1,1,1,'U1059',135028),(1940,1,2,1,'U1061',132834),(1941,1,1,2,'U1061',135086),(1942,2,2,2,'U1061',132754),(1943,2,2,2,'U1061',135080),(1944,2,2,2,'U1090',135062),(1945,2,2,2,'U1090',135052),(1946,0,0,0,'U1112',135047),(1947,1,1,1,'U1112',135026),(1948,0,1,1,'U1112',135064),(1949,2,2,2,'U1090',132862),(1950,1,1,1,'U1057',135070),(1951,0,0,1,'U1112',132954),(1952,1,1,1,'U1057',135043),(1953,1,0,0,'U1112',135079),(1954,0,0,1,'U1112',135062),(1955,1,2,1,'U1090',135051),(1956,2,2,2,'U1090',132954),(1957,0,0,0,'U1112',135048),(1958,1,0,0,'U1057',132954),(1959,0,0,0,'U1112',135086),(1960,2,2,2,'U1061',132955),(1961,1,0,0,'U1112',132921),(1962,2,2,2,'U1061',132958),(1963,0,0,0,'U1112',135046),(1964,2,2,2,'U1090',135085),(1965,0,0,1,'U1112',132572),(1966,2,2,2,'U1090',132922),(1967,2,1,2,'U1025',132866),(1968,1,1,0,'U1057',135080),(1969,1,0,0,'U1112',132834),(1970,1,1,0,'U1057',132825),(1971,1,1,1,'U1112',132862),(1972,2,1,2,'U1061',132954),(1973,1,1,1,'U1025',132877),(1974,1,1,0,'U1057',135064),(1975,1,0,0,'U1057',135046),(1976,2,2,2,'U1090',135025),(1977,2,2,2,'U1090',132925),(1978,1,0,0,'U1057',132862),(1979,0,1,1,'U1057',135075),(1980,2,1,1,'U1025',132847),(1981,1,0,1,'U1057',135030),(1982,2,2,2,'U1025',135071),(1983,1,0,1,'U1057',132834),(1984,1,0,0,'U1025',132958),(1985,0,0,0,'U1025',132825),(1986,2,1,0,'U1025',135028),(1987,1,1,1,'U1025',135047),(1988,2,2,2,'U1025',132846),(1989,2,2,2,'U1025',135064),(1990,2,2,2,'U1025',132830),(1991,2,1,0,'U1097',135079),(1992,2,1,1,'U1097',135058),(1993,1,1,0,'U1097',132954),(1994,2,1,1,'U1097',132958),(1995,1,0,1,'U1097',135026),(1996,2,1,2,'U1059',132955),(1997,2,1,1,'U1059',135044),(1998,0,0,0,'U1059',132862),(1999,2,2,2,'U1059',135085),(2000,2,2,2,'U1059',135030),(2001,0,0,0,'U1128',135053),(2002,2,1,1,'U1059',132825),(2003,2,2,2,'U1059',132754),(2004,0,0,0,'U1128',135058),(2005,0,0,0,'U1128',132875),(2006,0,0,0,'U1128',135079),(2007,0,0,0,'U1128',132925),(2008,0,0,0,'U1128',135064),(2009,0,0,0,'U1128',132921),(2010,0,0,0,'U1128',135060),(2011,0,0,0,'U1128',132954),(2012,0,0,0,'U1128',132951),(2013,2,2,1,'U1097',132921),(2014,2,2,1,'U1097',132955),(2015,1,1,1,'U1097',132884),(2016,2,1,1,'U1097',135049),(2017,2,2,1,'U1097',135034),(2018,1,1,1,'U1006',132954),(2019,1,1,1,'U1006',135079),(2020,2,2,2,'U1006',132875),(2021,2,2,2,'U1006',135026),(2022,2,1,2,'U1006',132922),(2023,1,0,1,'U1006',132572),(2024,1,1,2,'U1006',135075),(2025,1,1,1,'U1006',132825),(2026,1,1,2,'U1006',135048),(2027,1,1,2,'U1006',135030),(2028,2,2,2,'U1006',132884),(2029,2,1,2,'U1131',135054),(2030,1,2,1,'U1131',132869),(2031,2,2,2,'U1131',132866),(2032,0,1,0,'U1131',135082),(2033,2,2,2,'U1131',132851),(2034,0,2,0,'U1131',132870),(2035,0,0,0,'U1073',135062),(2036,0,0,0,'U1073',132572),(2037,0,0,0,'U1073',135064),(2038,0,0,0,'U1073',135080),(2039,0,0,0,'U1073',132951),(2040,0,0,0,'U1073',132954),(2041,0,0,0,'U1073',135052),(2042,0,0,0,'U1073',132834),(2043,0,0,0,'U1073',135060),(2044,0,0,0,'U1073',135065),(2045,0,0,0,'U1073',132862),(2046,0,0,0,'U1049',132921),(2047,0,0,0,'U1049',135042),(2048,0,0,0,'U1049',135032),(2049,0,0,0,'U1049',135051),(2050,0,0,0,'U1049',135085),(2051,0,0,0,'U1049',132862),(2052,0,0,0,'U1049',135052),(2053,2,2,2,'U1058',135076),(2054,1,2,2,'U1058',135043),(2055,2,2,0,'U1058',135058),(2056,2,1,1,'U1058',135053),(2057,1,1,1,'U1058',132885),(2058,1,0,0,'U1058',135050),(2059,2,2,1,'U1058',132872),(2060,1,1,1,'U1058',135066),(2061,2,1,1,'U1002',132921),(2062,1,2,1,'U1002',135062),(2063,1,1,1,'U1002',135106),(2064,2,2,0,'U1002',132825),(2065,1,1,1,'U1002',135052),(2066,2,2,2,'U1002',132862),(2067,2,2,2,'U1096',132875),(2068,1,2,1,'U1002',135059),(2069,2,1,0,'U1002',135041),(2070,1,1,2,'U1002',132925),(2071,1,1,1,'U1002',135085),(2072,2,2,2,'U1096',135025),(2073,1,2,1,'U1096',135072),(2074,1,1,0,'U1096',135064),(2075,1,0,2,'U1096',135086),(2076,2,2,2,'U1096',135055),(2077,1,1,2,'U1136',135074),(2078,2,2,2,'U1096',135026),(2079,2,2,2,'U1136',132862),(2080,2,2,2,'U1096',132955),(2081,2,2,2,'U1136',132921),(2082,1,1,1,'U1136',135072),(2083,1,2,1,'U1096',132723),(2084,2,2,2,'U1136',135055),(2085,1,1,1,'U1136',135064),(2086,1,2,2,'U1096',132958),(2087,1,2,1,'U1096',135075),(2088,2,2,2,'U1136',132958),(2089,1,2,2,'U1136',135048),(2090,2,2,2,'U1136',135046),(2091,2,2,2,'U1136',135028),(2092,2,0,1,'U1097',135086),(2093,2,2,2,'U1097',135053),(2094,2,2,1,'U1097',132861),(2095,2,2,2,'U1058',135062),(2096,2,2,2,'U1058',135055),(2097,1,1,1,'U1010',135053),(2098,1,0,0,'U1010',135058),(2099,0,0,0,'U1010',135079),(2100,2,2,2,'U1003',135059),(2101,0,2,0,'U1010',135064),(2102,1,1,1,'U1010',135047),(2103,1,1,1,'U1010',135065),(2104,2,2,2,'U1102',132854),(2105,2,2,0,'U1102',132858),(2106,2,2,2,'U1010',135042),(2107,2,2,0,'U1102',132870),(2108,1,2,2,'U1010',135076),(2109,2,2,0,'U1102',132847),(2110,2,2,2,'U1013',132951),(2111,1,1,0,'U1013',135060),(2112,1,1,1,'U1028',132732),(2113,1,1,1,'U1028',132733),(2114,0,1,0,'U1028',135104),(2115,0,1,1,'U1050',132732),(2116,0,0,0,'U1050',132609),(2117,0,0,0,'U1050',132608),(2118,0,2,0,'U1050',132560),(2119,0,2,0,'U1050',132740),(2120,0,2,0,'U1050',132594),(2121,0,0,0,'U1050',132584),(2122,1,1,1,'U1028',132740),(2123,0,0,1,'U1129',132706),(2124,0,0,0,'U1129',132654),(2125,2,2,2,'U1028',132630),(2126,0,0,0,'U1028',132663),(2127,2,2,2,'U1028',132613),(2128,2,2,1,'U1087',132667),(2129,1,2,1,'U1087',135104),(2130,1,1,0,'U1087',132660),(2131,2,2,1,'U1087',132732),(2132,1,2,1,'U1087',132740),(2133,1,2,1,'U1087',132560),(2134,1,2,1,'U1087',132594),(2135,1,2,1,'U1087',132663),(2136,1,0,1,'U1065',132626),(2137,2,1,2,'U1065',132706),(2138,1,2,2,'U1129',132561),(2139,1,1,1,'U1065',132665),(2140,0,0,0,'U1129',132665),(2141,1,1,1,'U1065',132561),(2142,2,2,1,'U1039',132626),(2143,1,1,2,'U1039',132564),(2144,1,1,1,'U1065',132654),(2145,1,1,2,'U1039',132665),(2146,0,0,0,'U1130',132654),(2147,0,0,0,'U1130',132561),(2148,0,0,0,'U1130',132626),(2149,1,2,1,'U1130',132706),(2150,1,1,1,'U1043',132608),(2151,1,2,1,'U1043',132609),(2152,2,2,1,'U1011',132717),(2153,1,1,1,'U1043',132613),(2154,1,1,1,'U1011',132564),(2155,1,1,1,'U1043',132732),(2156,1,1,1,'U1043',132630),(2157,1,1,0,'U1011',132715),(2158,1,1,0,'U1068',132733),(2159,1,1,1,'U1068',132594),(2160,0,0,0,'U1068',132660);
/*!40000 ALTER TABLE `review` ENABLE KEYS */;
UNLOCK TABLES;

--
-- Table structure for table `user`
--

DROP TABLE IF EXISTS `user`;
/*!40101 SET @saved_cs_client     = @@character_set_client */;
/*!50503 SET character_set_client = utf8mb4 */;
CREATE TABLE `user` (
  `userID` char(30) COLLATE utf8_bin NOT NULL,
  `latitude` double DEFAULT NULL,
  `longitude` double DEFAULT NULL,
  `smoker` char(30) COLLATE utf8_bin DEFAULT NULL,
  `drink_level` char(30) COLLATE utf8_bin DEFAULT NULL,
  `dress_preference` char(30) COLLATE utf8_bin DEFAULT NULL,
  `ambience` char(30) COLLATE utf8_bin DEFAULT NULL,
  `transport` char(30) COLLATE utf8_bin DEFAULT NULL,
  `marital_status` char(30) COLLATE utf8_bin DEFAULT NULL,
  `birth_year` int DEFAULT NULL,
  `activity` char(30) COLLATE utf8_bin DEFAULT NULL,
  `weight` int DEFAULT NULL,
  `budget` int DEFAULT NULL,
  `height` double DEFAULT NULL,
  PRIMARY KEY (`userID`)
) ENGINE=InnoDB DEFAULT CHARSET=utf8mb3 COLLATE=utf8_bin;
/*!40101 SET character_set_client = @saved_cs_client */;

--
-- Dumping data for table `user`
--

LOCK TABLES `user` WRITE;
/*!40000 ALTER TABLE `user` DISABLE KEYS */;
INSERT INTO `user` VALUES ('U1001',22.139997,-100.978803,'FALSE','abstemious','informal','family','on foot','single',1989,'student',69,2,1.77),('U1002',22.150087,-100.983325,'FALSE','abstemious','informal','family','public','single',1990,'student',40,1,1.87),('U1003',22.119847,-100.946527,'FALSE','social drinker','formal','family','public','single',1989,'student',60,1,1.69),('U1004',18.867,-99.183,'FALSE','abstemious','informal','family','public','single',1940,'professional',44,2,1.53),('U1005',22.183477,-100.959891,'FALSE','abstemious','no preference','family','public','single',1992,'student',65,2,1.69),('U1006',22.15,-100.983,'TRUE','social drinker','no preference','friends','car owner','single',1989,'student',75,2,1.8),('U1007',22.118464,-100.938256,'FALSE','casual drinker','informal','solitary','public','single',1989,'student',60,1,1.59),('U1008',22.122989,-100.923811,'FALSE','social drinker','formal','solitary','public','single',1989,'student',68,1,1.72),('U1009',22.159427,-100.990448,'FALSE','abstemious','formal','family','on foot','single',1991,'student',75,2,1.78),('U1010',22.190889,-100.998669,'FALSE','social drinker','no preference','friends','car owner','married',1987,'student',40,2,1.67),('U1011',23.724972,-99.152856,'FALSE','abstemious','no preference','family','public','single',1989,'student',68,2,1.78),('U1012',18.813348,-99.243697,'FALSE','casual drinker','formal','family','public','single',1988,'student',98,2,1.84),('U1013',22.174624,-100.993873,'FALSE','abstemious','no preference','friends','public','widow',1982,'professional',80,2,1.75),('U1014',23.751607,-99.170108,'FALSE','abstemious','?','friends','public','single',1990,'student',53,2,1.69),('U1015',22.12676,-100.905209,'TRUE','social drinker','informal','family','public','single',1989,'student',87,2,1.67),('U1016',22.156247,-100.977402,'FALSE','casual drinker','informal','friends','on foot','single',1991,'student',70,2,1.67),('U1017',18.952615,-99.201616,'FALSE','casual drinker','formal','family','public','single',1991,'professional',79,2,1.79),('U1018',22.190949,-100.917902,'TRUE','casual drinker','formal','friends','public','single',1989,'student',65,1,1.83),('U1019',22.153385,-100.975294,'FALSE','casual drinker','no preference','family','public','single',1989,'student',59,2,1.6),('U1020',18.878189,-99.222969,'FALSE','abstemious','no preference','friends','public','single',1982,'professional',40,2,1.68),('U1021',23.730569,-99.171883,'FALSE','social drinker','no preference','family','car owner','single',1984,'student',108,2,1.62),('U1022',22.146708,-100.964355,'FALSE','casual drinker','formal','family','car owner','single',1990,'student',46,2,1.54),('U1023',23.752943,-99.166589,'FALSE','casual drinker','informal','friends','car owner','single',1988,'student',103,1,1.79),('U1025',22.125603,-100.907844,'FALSE','social drinker','no preference','family','public','single',1990,'student',65,2,1.79),('U1026',23.733,-99.133,'FALSE','abstemious','formal','family','public','single',1989,'student',49,2,1.55),('U1027',22.16515,-100.987015,'TRUE','social drinker','no preference','?','public','single',1989,'student',60,1,1.65),('U1028',23.752874,-99.169242,'FALSE','abstemious','no preference','family','public','single',1989,'student',77,2,1.63),('U1029',22.151796,-100.989075,'TRUE','casual drinker','formal','family','public','single',1990,'student',58,1,1.6),('U1030',18.844818,-99.182758,'FALSE','casual drinker','formal','family','on foot','single',1991,'student',64,2,1.75),('U1031',23.735698,-99.159851,'FALSE','abstemious','informal','solitary','?','married',1992,'unemployed',40,2,1.6),('U1032',22.169184,-100.986843,'FALSE','abstemious','formal','family','public','single',1989,'student',40,2,1.75),('U1033',22.15,-100.983,'FALSE','social drinker','no preference','family','on foot','single',1991,'student',54,1,1.6),('U1034',22.137178,-101.013169,'FALSE','casual drinker','informal','family','public','single',1990,'student',50,2,1.58),('U1035',18.839671,-99.223897,'TRUE','casual drinker','no preference','friends','car owner','single',1985,'student',69,2,1.75),('U1036',22.160572,-100.989418,'FALSE','social drinker','informal','family','public','single',1991,'student',76,2,1.7),('U1037',22.15031,-100.900536,'FALSE','social drinker','no preference','family','public','single',1990,'student',52,1,1.5),('U1038',22.125786,-100.943705,'TRUE','social drinker','no preference','family','public','single',1930,'student',97,1,1.83),('U1039',23.738067,-99.139906,'FALSE','social drinker','no preference','friends','?','single',1989,'student',83,2,1.73),('U1040',18.895187,-99.18039,'FALSE','abstemious','no preference','friends','public','single',1994,'student',73,2,1.64),('U1041',18.935191,-99.23624,'FALSE','abstemious','no preference','friends','on foot','single',1985,'professional',40,2,1.62),('U1042',18.925773,-99.219589,'FALSE','abstemious','no preference','family','car owner','single',1943,'student',40,3,1.4),('U1043',23.77103,-99.167082,'FALSE','abstemious','no preference','solitary','public','single',1989,'student',60,2,1.64),('U1044',18.95298,-99.260789,'TRUE','social drinker','informal','family','car owner','married',1969,'professional',85,2,1.73),('U1045',22.156724,-100.984268,'FALSE','casual drinker','elegant','friends','car owner','single',1991,'student',68,3,1.6),('U1046',22.144415,-100.933097,'FALSE','social drinker','no preference','friends','car owner','single',1990,'student',82,2,1.84),('U1047',22.142429,-100.949147,'FALSE','abstemious','no preference','family','public','single',1992,'student',60,2,1.63),('U1048',22.142208,-101.022785,'TRUE','casual drinker','no preference','?','public','single',1988,'student',65,2,1.7),('U1050',23.758815,-99.171216,'FALSE','social drinker','no preference','family','car owner','single',1989,'student',73,2,1.71),('U1051',18.877719,-99.22299,'FALSE','casual drinker','no preference','family','public','single',1979,'professional',74,2,1.76),('U1052',22.138055,-100.936005,'TRUE','social drinker','no preference','family','on foot','single',1990,'student',85,1,1.8),('U1053',22.175833,-100.986671,'FALSE','casual drinker','informal','family','public','single',1990,'student',66,1,1.72),('U1054',22.150683,-100.975342,'FALSE','social drinker','formal','family','public','single',1992,'student',59,2,1.7),('U1055',22.143289,-100.987683,'FALSE','abstemious','no preference','family','car owner','married',1952,'professional',70,2,1.66),('U1056',22.168997,-100.974376,'FALSE','social drinker','informal','family','on foot','single',1930,'student',61,2,1.62),('U1057',22.196624,-100.91217,'TRUE','casual drinker','formal','friends','public','single',1989,'student',69,2,1.83),('U1058',22.205802,-100.986081,'FALSE','abstemious','formal','family','public','single',1991,'student',74,1,1.78),('U1059',18.988278,-99.097023,'FALSE','abstemious','formal','friends','on foot','single',1987,'student',57,2,1.69),('U1060',23.715238,-99.158864,'FALSE','casual drinker','formal','family','public','single',1991,'student',82,2,1.84),('U1061',22.140388,-100.937321,'FALSE','social drinker','no preference','friends','car owner','single',1990,'professional',40,2,1.76),('U1062',22.195826,-101.006317,'FALSE','casual drinker','informal','friends','car owner','single',1985,'student',88,2,1.68),('U1063',23.745096,-99.164357,'FALSE','casual drinker','formal','family','public','single',1988,'student',80,2,1.78),('U1064',22.139511,-100.957002,'FALSE','casual drinker','formal','solitary','public','single',1991,'student',94,2,1.77),('U1065',23.733665,-99.105617,'FALSE','abstemious','formal','friends','public','single',1989,'student',55,2,1.72),('U1066',18.890695,-99.157104,'FALSE','abstemious','informal','solitary','public','single',1986,'student',45,1,1.45),('U1067',23.752269,-99.168605,'FALSE','abstemious','no preference','family','public','single',1987,'student',92,2,1.73),('U1068',23.752269,-99.168605,'FALSE','casual drinker','informal','friends','public','single',1988,'student',72,1,1.57),('U1069',19.347641,-99.130229,'FALSE','social drinker','no preference','family','public','single',1983,'professional',60,2,1.56),('U1070',23.753237,-99.166868,'FALSE','casual drinker','informal','friends','public','single',1991,'student',47,1,1.6),('U1071',22.154339,-100.975342,'FALSE','abstemious','formal','friends','car owner','single',1930,'student',40,3,1.73),('U1072',18.86826,-99.212033,'FALSE','casual drinker','no preference','family','public','single',1984,'student',50,2,1.54),('U1073',22.15,-100.983,'FALSE','abstemious','informal','solitary','car owner','widow',1989,'unemployed',118,2,1.79),('U1074',18.917,-99.25,'TRUE','casual drinker','no preference','family','car owner','single',1967,'professional',68,2,1.7),('U1075',22.167575,-100.960364,'FALSE','casual drinker','informal','family','car owner','single',1991,'student',68,2,1.6),('U1076',22.156469,-100.98554,'FALSE','social drinker','elegant','family','public','married',1987,'student',65,2,1.71),('U1077',22.156469,-100.98554,'FALSE','social drinker','elegant','family','public','married',1987,'student',65,2,1.71),('U1078',22.172109,-100.963199,'TRUE','social drinker','informal','solitary','car owner','single',1983,'professional',69,2,1.69),('U1079',18.917,-99.25,'FALSE','abstemious','formal','family','public','single',1992,'?',53,2,1.55),('U1080',23.743793,-99.163397,'TRUE','social drinker','formal','friends','car owner','single',1987,'student',80,1,1.82),('U1081',22.207749,-100.942383,'FALSE','casual drinker','informal','family','public','single',1991,'student',52,1,1.54),('U1082',23.753061,-99.166095,'TRUE','abstemious','informal','friends','public','single',1989,'student',63,2,1.69),('U1084',22.172524,-101.005758,'TRUE','casual drinker','formal','family','public','single',1991,'student',65,2,1.6),('U1086',22.157281,-100.98444,'FALSE','social drinker','no preference','family','car owner','single',1991,'student',49,2,1.59),('U1087',23.753336,-99.167984,'FALSE','abstemious','no preference','solitary','public','single',1989,'student',53,2,1.55),('U1088',22.142748,-100.940664,'FALSE','social drinker','informal','family','on foot','single',1991,'student',62,2,1.6),('U1089',22.162562,-100.99313,'TRUE','casual drinker','informal','family','public','single',1990,'student',54,1,1.6),('U1090',22.158473,-100.984268,'FALSE','social drinker','no preference','friends','car owner','single',1988,'student',50,2,1.54),('U1091',22.154677,-100.949013,'FALSE','casual drinker','no preference','family','car owner','single',1989,'student',40,1,1.7),('U1092',22.125365,-100.947888,'FALSE','abstemious','formal','solitary','public','single',1990,'?',70,2,1.69),('U1093',18.871654,-99.183251,'TRUE','casual drinker','no preference','family','car owner','single',1990,'student',80,2,1.67),('U1094',23.73944,-99.160548,'FALSE','abstemious','informal','friends','public','single',1991,'student',59,2,1.71),('U1095',22.179865,-101.018547,'FALSE','abstemious','formal','family','public','married',1986,'student',65,2,1.65),('U1096',22.1455,-100.939593,'FALSE','abstemious','formal','family','public','single',1990,'student',40,2,1.2),('U1097',22.145471,-100.939588,'FALSE','abstemious','formal','family','public','single',1990,'student',58,2,1.64),('U1098',22.182571,-100.963232,'FALSE','social drinker','formal','family','public','single',1991,'student',68,2,1.76),('U1099',22.184862,-100.970535,'TRUE','social drinker','informal','family','public','single',1989,'student',70,3,2),('U1100',18.879729,-99.067106,'FALSE','casual drinker','formal','friends','public','single',1990,'student',40,2,1.65),('U1101',22.150891,-100.974891,'FALSE','casual drinker','no preference','friends','car owner','single',1988,'student',50,1,1.69),('U1102',22.137131,-100.941151,'FALSE','social drinker','no preference','friends','on foot','single',1989,'student',90,1,1.78),('U1103',23.752265,-99.16859,'FALSE','abstemious','formal','friends','public','single',1989,'professional',120,2,1.9),('U1104',22.149005,-100.978153,'TRUE','social drinker','no preference','family','car owner','single',1991,'student',75,2,1.71),('U1105',22.120019,-100.950991,'FALSE','social drinker','formal','family','public','single',1991,'student',40,2,1.74),('U1106',18.927072,-99.173584,'FALSE','casual drinker','informal','friends','car owner','single',1930,'professional',65,2,1.71),('U1107',23.742409,-99.171889,'FALSE','abstemious','no preference','friends','car owner','single',1989,'?',87,3,1.79),('U1108',22.143524,-100.987562,'FALSE','abstemious','informal','solitary','public','single',1983,'student',76,2,1.81),('U1109',22.303308,-101.05468,'FALSE','abstemious','formal','solitary','public','single',1989,'student',57,1,1.72),('U1110',18.871678,-99.183263,'FALSE','abstemious','no preference','family','car owner','single',1993,'student',85,2,1.75),('U1111',22.143078,-100.908523,'TRUE','casual drinker','formal','friends','car owner','single',1991,'student',69,2,1.69),('U1112',22.143078,-100.908523,'TRUE','casual drinker','formal','friends','car owner','single',1991,'student',69,2,1.69),('U1113',22.137343,-100.913935,'FALSE','casual drinker','formal','family','public','single',1990,'student',75,2,1.73),('U1114',22.177726,-101.014094,'FALSE','abstemious','no preference','family','on foot','single',1991,'student',58,2,1.68),('U1115',22.138127,-100.920512,'TRUE','social drinker','elegant','friends','public','single',1990,'student',76,1,1.76),('U1116',22.156469,-100.98554,'FALSE','social drinker','formal','family','public','married',1987,'student',40,2,1.71),('U1117',18.875641,-99.220737,'FALSE','abstemious','no preference','friends','public','single',1982,'professional',58,2,1.6),('U1118',18.940062,-99.228172,'TRUE','casual drinker','informal','friends','public','single',1987,'student',60,2,1.68),('U1119',18.96479,-99.260017,'FALSE','abstemious','formal','family','public','single',1992,'student',68,2,1.68),('U1120',22.121857,-100.904279,'FALSE','abstemious','informal','friends','public','single',1930,'student',47,1,1.57),('U1121',18.871674,-99.183253,'FALSE','social drinker','no preference','family','public','married',1987,'working-class',90,2,1.6),('U1123',23.753112,-99.168567,'FALSE','abstemious','informal','family','?','single',1987,'student',110,2,1.75),('U1124',22.137072,-100.918865,'FALSE','casual drinker','informal','friends','public','single',1991,'student',51,1,1.2),('U1125',22.19204,-100.956935,'FALSE','casual drinker','formal','friends','public','single',1990,'student',57,1,1.67),('U1126',22.15421,-100.942233,'FALSE','casual drinker','formal','friends','on foot','single',1990,'student',65,1,1.63),('U1127',18.943935,-99.206532,'FALSE','abstemious','no preference','solitary','public','single',1992,'student',65,1,1.76),('U1128',22.187236,-100.994213,'FALSE','casual drinker','no preference','friends','public','single',1986,'student',66,1,1.72),('U1129',23.728798,-99.134047,'FALSE','casual drinker','no preference','friends','public','single',1989,'student',69,1,1.69),('U1131',22.138245,-100.910948,'TRUE','social drinker','no preference','friends','car owner','married',1990,'student',90,2,1.8),('U1133',18.886698,-99.114979,'FALSE','abstemious','no preference','family','car owner','single',1991,'student',60,2,1.57),('U1134',22.149654,-100.99861,'FALSE','casual drinker','no preference','family','public','single',1991,'student',52,2,1.65),('U1135',22.170396,-100.949936,'FALSE','casual drinker','informal','family','on foot','single',1988,'student',66,1,1.54),('U1136',22.149607,-100.997235,'TRUE','social drinker','no preference','friends','car owner','single',1990,'student',50,1,1.6),('U1137',22.144803,-100.944623,'FALSE','social drinker','formal','family','public','single',1989,'student',72,1,1.78),('U1138',22.152884,-100.939663,'FALSE','social drinker','formal','friends','public','single',1991,'student',54,2,1.55);
/*!40000 ALTER TABLE `user` ENABLE KEYS */;
UNLOCK TABLES;

--
-- Table structure for table `usercuisine`
--

DROP TABLE IF EXISTS `usercuisine`;
/*!40101 SET @saved_cs_client     = @@character_set_client */;
/*!50503 SET character_set_client = utf8mb4 */;
CREATE TABLE `usercuisine` (
  `userID` char(30) COLLATE utf8_bin NOT NULL,
  `cuisine` char(30) COLLATE utf8_bin NOT NULL,
  PRIMARY KEY (`userID`,`cuisine`)
) ENGINE=InnoDB DEFAULT CHARSET=utf8mb3 COLLATE=utf8_bin;
/*!40101 SET character_set_client = @saved_cs_client */;

--
-- Dumping data for table `usercuisine`
--

LOCK TABLES `usercuisine` WRITE;
/*!40000 ALTER TABLE `usercuisine` DISABLE KEYS */;
INSERT INTO `usercuisine` VALUES ('U1001','American'),('U1002','Mexican'),('U1003','Mexican'),('U1004','Bagels'),('U1004','Bakery'),('U1004','Breakfast-Brunch'),('U1004','Cafe-Coffee_Shop'),('U1004','Cafeteria'),('U1004','Contemporary'),('U1004','Continental-European'),('U1004','Japanese'),('U1004','Mexican'),('U1005','American'),('U1006','Mexican'),('U1007','Family'),('U1008','American'),('U1008','Cafe-Coffee_Shop'),('U1008','Cafeteria'),('U1008','Hawaiian'),('U1008','Hot_Dogs'),('U1008','Italian'),('U1008','Juice'),('U1008','Korean'),('U1008','Latin_American'),('U1008','Mexican'),('U1009','Cafe-Coffee_Shop'),('U1009','Cafeteria'),('U1009','Deli-Sandwiches'),('U1009','Diner'),('U1009','Family'),('U1009','Fast_Food'),('U1009','Mexican'),('U1010','Mexican'),('U1011','Mexican'),('U1012','Latin_American'),('U1013','Japanese'),('U1014','Fast_Food'),('U1014','Japanese'),('U1015','Mexican'),('U1016','American'),('U1016','Barbecue'),('U1016','Cafe-Coffee_Shop'),('U1016','Contemporary'),('U1016','Eastern_European'),('U1016','Fusion'),('U1016','Indian-Pakistani'),('U1016','Japanese'),('U1016','Lebanese'),('U1016','Moroccan'),('U1016','Polish'),('U1016','Polynesian'),('U1016','Portuguese'),('U1016','Regional'),('U1017','Chinese'),('U1018','Mexican'),('U1019','Family'),('U1020','Mexican'),('U1021','Burgers'),('U1021','Chinese'),('U1021','Pizzeria'),('U1021','Regional'),('U1022','Mexican'),('U1023','Mexican'),('U1024','Afghan'),('U1025','Mexican'),('U1026','Mexican'),('U1027','Family'),('U1028','Mexican'),('U1029','Mexican'),('U1030','Mexican'),('U1031','Mexican'),('U1032','Mexican'),('U1033','Mexican'),('U1034','Mexican'),('U1035','Family'),('U1036','Mexican'),('U1037','Mexican'),('U1038','Mexican'),('U1039','Regional'),('U1040','Pizzeria'),('U1041','Contemporary'),('U1042','Mexican'),('U1043','Latin_American'),('U1044','Mexican'),('U1045','Mexican'),('U1045','Middle_Eastern'),('U1045','Mongolian'),('U1045','Moroccan'),('U1046','Bar'),('U1047','American'),('U1048','Mexican'),('U1049','Mexican'),('U1050','Mexican'),('U1051','Mexican'),('U1052','Bakery'),('U1053','Mexican'),('U1054','Mexican'),('U1055','Breakfast-Brunch'),('U1056','Mexican'),('U1057','American'),('U1058','Cuban'),('U1059','Mexican'),('U1060','American'),('U1060','Burgers'),('U1060','Cafe-Coffee_Shop'),('U1060','Cafeteria'),('U1060','Fast_Food'),('U1060','Hot_Dogs'),('U1060','Italian'),('U1060','Juice'),('U1060','Mexican'),('U1060','Pizzeria'),('U1060','Soup'),('U1060','Spanish'),('U1060','Tex-Mex'),('U1061','Mexican'),('U1062','Mexican'),('U1063','Mexican'),('U1064','Mexican'),('U1065','Mexican'),('U1066','Mexican'),('U1067','Mexican'),('U1068','Mexican'),('U1069','Mexican'),('U1070','Mexican'),('U1071','Mexican'),('U1072','Mexican'),('U1073','American'),('U1074','Sushi'),('U1075','Mexican'),('U1076','Mexican'),('U1077','Mexican'),('U1078','Mexican'),('U1079','Mexican'),('U1080','Mexican'),('U1081','Mexican'),('U1082','Mexican'),('U1083','Mexican'),('U1084','Mexican'),('U1085','Mexican'),('U1086','Italian'),('U1087','Chinese'),('U1088','Mexican'),('U1089','Mexican'),('U1090','Tex-Mex'),('U1091','American'),('U1091','Mexican'),('U1092','Game'),('U1093','Japanese'),('U1094','Mexican'),('U1095','Italian'),('U1096','Mexican'),('U1097','Mexican'),('U1098','Mexican'),('U1099','Mexican'),('U1100','Mexican'),('U1101','Afghan'),('U1101','Australian'),('U1101','Bar'),('U1101','Burgers'),('U1101','Cafe-Coffee_Shop'),('U1101','Cafeteria'),('U1101','Chinese'),('U1101','Contemporary'),('U1101','Diner'),('U1101','Doughnuts'),('U1101','Family'),('U1101','Hot_Dogs'),('U1101','Italian'),('U1101','Latin_American'),('U1101','Mexican'),('U1102','Pizzeria'),('U1103','Mexican'),('U1104','Italian'),('U1105','Cafeteria'),('U1106','Barbecue'),('U1107','Mexican'),('U1108','American'),('U1108','Asian'),('U1108','Burgers'),('U1108','Cafe-Coffee_Shop'),('U1108','Cafeteria'),('U1108','Chinese'),('U1108','Deli-Sandwiches'),('U1108','Dessert-Ice_Cream'),('U1108','Family'),('U1108','Fast_Food'),('U1108','Game'),('U1108','Hot_Dogs'),('U1108','Japanese'),('U1108','Latin_American'),('U1108','Mexican'),('U1108','Pizzeria'),('U1108','Seafood'),('U1108','Sushi'),('U1109','Mexican'),('U1110','Mexican'),('U1111','Mexican'),('U1112','Mexican'),('U1113','Burgers'),('U1114','Mexican'),('U1115','Regional'),('U1116','Mexican'),('U1117','Turkish'),('U1118','Pizzeria'),('U1119','Mexican'),('U1120','Mexican'),('U1121','Mexican'),('U1122','Afghan'),('U1123','Mexican'),('U1124','Mexican'),('U1125','Mexican'),('U1126','Mexican'),('U1127','Mexican'),('U1128','Cafeteria'),('U1128','Hot_Dogs'),('U1128','Mexican'),('U1128','Pizzeria'),('U1129','Mexican'),('U1130','Mexican'),('U1131','Mexican'),('U1132','Mexican'),('U1133','Mexican'),('U1134','Mexican'),('U1135','Afghan'),('U1135','African'),('U1135','American'),('U1135','Armenian'),('U1135','Asian'),('U1135','Australian'),('U1135','Austrian'),('U1135','Bagels'),('U1135','Bakery'),('U1135','Bar'),('U1135','Bar_Pub_Brewery'),('U1135','Barbecue'),('U1135','Basque'),('U1135','Brazilian'),('U1135','Breakfast-Brunch'),('U1135','British'),('U1135','Burgers'),('U1135','Burmese'),('U1135','Cafe-Coffee_Shop'),('U1135','Cafeteria'),('U1135','Cajun-Creole'),('U1135','California'),('U1135','Cambodian'),('U1135','Canadian'),('U1135','Caribbean'),('U1135','Chilean'),('U1135','Chinese'),('U1135','Contemporary'),('U1135','Continental-European'),('U1135','Cuban'),('U1135','Deli-Sandwiches'),('U1135','Dessert-Ice_Cream'),('U1135','Dim_Sum'),('U1135','Diner'),('U1135','Doughnuts'),('U1135','Dutch-Belgian'),('U1135','Eastern_European'),('U1135','Eclectic'),('U1135','Ethiopian'),('U1135','Family'),('U1135','Fast_Food'),('U1135','Filipino'),('U1135','Fine_Dining'),('U1135','French'),('U1135','Fusion'),('U1135','Game'),('U1135','German'),('U1135','Greek'),('U1135','Hawaiian'),('U1135','Hot_Dogs'),('U1135','Hungarian'),('U1135','Indian-Pakistani'),('U1135','Indigenous'),('U1135','Indonesian'),('U1135','International'),('U1135','Irish'),('U1135','Israeli'),('U1135','Italian'),('U1135','Jamaican'),('U1135','Japanese'),('U1135','Juice'),('U1135','Korean'),('U1135','Kosher'),('U1135','Latin_American'),('U1135','Lebanese'),('U1135','Malaysian'),('U1135','Mediterranean'),('U1135','Mexican'),('U1135','Middle_Eastern'),('U1135','Mongolian'),('U1135','Moroccan'),('U1135','North_African'),('U1135','Organic-Healthy'),('U1135','Pacific_Northwest'),('U1135','Pacific_Rim'),('U1135','Persian'),('U1135','Peruvian'),('U1135','Pizzeria'),('U1135','Polish'),('U1135','Polynesian'),('U1135','Portuguese'),('U1135','Regional'),('U1135','Romanian'),('U1135','Russian-Ukrainian'),('U1135','Scandinavian'),('U1135','Seafood'),('U1135','Soup'),('U1135','Southeast_Asian'),('U1135','Southern'),('U1135','Southwestern'),('U1135','Spanish'),('U1135','Steaks'),('U1135','Sushi'),('U1135','Swiss'),('U1135','Tapas'),('U1135','Tea_House'),('U1135','Tex-Mex'),('U1135','Thai'),('U1135','Tibetan'),('U1135','Tunisian'),('U1135','Turkish'),('U1135','Vegetarian'),('U1135','Vietnamese'),('U1136','Mexican'),('U1137','Mexican'),('U1138','Pizzeria');
/*!40000 ALTER TABLE `usercuisine` ENABLE KEYS */;
UNLOCK TABLES;
/*!40103 SET TIME_ZONE=@OLD_TIME_ZONE */;

/*!40101 SET SQL_MODE=@OLD_SQL_MODE */;
/*!40014 SET FOREIGN_KEY_CHECKS=@OLD_FOREIGN_KEY_CHECKS */;
/*!40014 SET UNIQUE_CHECKS=@OLD_UNIQUE_CHECKS */;
/*!40101 SET CHARACTER_SET_CLIENT=@OLD_CHARACTER_SET_CLIENT */;
/*!40101 SET CHARACTER_SET_RESULTS=@OLD_CHARACTER_SET_RESULTS */;
/*!40101 SET COLLATION_CONNECTION=@OLD_COLLATION_CONNECTION */;
/*!40111 SET SQL_NOTES=@OLD_SQL_NOTES */;

-- Dump completed on 2022-04-26 14:05:59
