,reviewID,rating,food_rating,service_rating,userID,placeID
0,1000,2,2,2,U1077,135085
1,1001,2,2,1,U1077,135038
2,1002,2,2,2,U1077,132825
3,1003,1,2,2,U1077,135060
4,1004,1,1,2,U1068,135104
5,1005,0,0,0,U1068,132740
6,1006,1,1,1,U1068,132663
7,1007,0,0,0,U1068,132732
8,1008,1,1,1,U1068,132630
9,1009,2,2,2,U1067,132584
10,1010,1,1,1,U1067,132733
11,1011,1,2,2,U1067,132732
12,1012,1,0,1,U1067,132630
13,1013,0,0,0,U1067,135104
14,1014,1,0,0,U1067,132560
15,1015,1,2,1,U1103,132584
16,1016,0,0,2,U1103,132732
17,1017,1,2,0,U1103,132630
18,1018,2,2,2,U1103,132613
19,1019,1,2,2,U1103,132667
20,1020,1,2,0,U1103,135104
21,1021,1,0,2,U1103,132663
22,1022,2,2,2,U1103,132733
23,1023,2,2,1,U1107,132660
24,1024,2,2,2,U1107,132584
25,1025,2,2,2,U1107,132733
26,1026,2,2,2,U1044,135088
27,1027,1,2,1,U1044,132583
28,1028,2,2,1,U1070,132608
29,1029,1,1,1,U1070,132609
30,1030,1,1,0,U1070,132613
31,1031,0,0,0,U1031,132663
32,1032,0,0,0,U1031,132665
33,1033,0,0,0,U1031,132668
34,1034,1,1,1,U1082,132630
35,1035,0,0,0,U1023,132715
36,1036,0,0,0,U1023,132717
37,1037,0,0,0,U1082,132613
38,1038,0,0,0,U1082,132594
39,1039,0,0,0,U1082,132608
40,1040,0,0,0,U1082,132609
41,1041,0,0,0,U1082,132663
42,1042,0,0,0,U1082,132560
43,1043,2,2,2,U1060,132564
44,1044,2,2,2,U1060,132717
45,1045,2,1,2,U1060,132733
46,1046,1,2,1,U1060,132740
47,1047,0,0,0,U1015,135071
48,1048,1,2,1,U1123,132733
49,1049,1,2,1,U1123,132608
50,1050,2,2,2,U1123,135104
51,1051,1,2,0,U1123,132584
52,1052,1,2,1,U1123,132667
53,1053,1,1,1,U1123,132740
54,1054,1,2,1,U1123,132613
55,1055,1,1,1,U1123,132594
56,1056,2,2,1,U1021,132740
57,1057,2,2,2,U1026,132626
58,1058,2,2,2,U1021,132668
59,1059,2,2,1,U1021,132715
60,1060,0,0,0,U1044,134987
61,1061,2,2,2,U1083,135034
62,1062,1,1,1,U1083,132723
63,1063,2,2,1,U1083,135046
64,1064,2,2,2,U1108,135075
65,1065,1,2,1,U1108,132572
66,1066,2,2,1,U1108,135074
67,1067,1,1,1,U1108,135028
68,1068,1,2,1,U1108,135085
69,1069,2,1,2,U1108,135032
70,1070,1,1,0,U1108,135086
71,1071,2,2,2,U1108,132723
72,1072,1,2,1,U1108,135046
73,1073,1,1,1,U1108,135058
74,1074,1,1,2,U1012,135001
75,1075,2,2,2,U1012,134983
76,1076,2,2,2,U1012,134996
77,1077,2,2,2,U1093,135019
78,1078,2,2,2,U1093,134996
79,1079,2,2,2,U1093,135001
80,1080,2,2,1,U1093,134976
81,1081,2,2,2,U1093,134999
82,1082,2,2,2,U1030,135018
83,1083,2,2,1,U1093,135013
84,1084,2,2,2,U1030,134986
85,1085,2,2,2,U1012,134986
86,1086,2,2,2,U1012,135018
87,1087,1,0,1,U1030,135088
88,1088,2,2,2,U1093,132767
89,1089,0,0,0,U1030,135016
90,1090,1,1,0,U1093,135011
91,1091,0,0,0,U1030,132767
92,1092,0,0,0,U1030,135019
93,1093,0,0,0,U1030,135109
94,1094,0,0,0,U1030,134996
95,1095,1,2,2,U1066,135011
96,1096,1,1,1,U1066,134999
97,1097,2,2,2,U1127,134975
98,1098,2,1,1,U1127,135021
99,1099,2,0,2,U1127,134987
100,1100,2,2,2,U1127,134996
101,1101,1,1,1,U1017,132768
102,1102,2,1,0,U1066,135019
103,1103,2,1,1,U1017,134975
104,1104,0,0,1,U1017,134983
105,1105,1,2,1,U1066,132767
106,1106,2,1,0,U1100,135021
107,1107,2,1,1,U1100,134996
108,1108,1,2,2,U1066,135013
109,1109,2,1,1,U1100,135000
110,1110,2,2,2,U1100,135001
111,1111,2,2,2,U1100,132768
112,1112,2,2,1,U1100,134976
113,1113,1,1,1,U1133,134983
114,1114,2,2,2,U1133,134986
115,1115,1,1,0,U1133,132766
116,1116,0,0,0,U1133,132767
117,1117,2,2,2,U1133,135021
118,1118,2,2,2,U1133,135001
119,1119,1,1,1,U1133,134975
120,1120,1,2,1,U1133,134992
121,1121,1,2,0,U1133,135019
122,1122,0,0,0,U1118,134987
123,1123,1,2,2,U1072,135016
124,1124,2,1,2,U1072,132773
125,1125,0,1,0,U1072,135088
126,1126,1,1,1,U1026,132561
127,1127,0,2,0,U1026,132706
128,1128,0,0,0,U1026,132654
129,1129,2,2,2,U1026,132665
130,1130,0,0,0,U1023,132740
131,1131,2,2,2,U1023,132733
132,1132,1,1,1,U1080,132668
133,1133,2,2,2,U1080,132660
134,1134,1,1,1,U1080,132733
135,1135,2,2,2,U1080,132608
136,1136,2,2,2,U1063,132660
137,1137,2,1,1,U1063,132584
138,1138,1,0,1,U1063,132609
139,1139,1,2,1,U1063,135104
140,1140,1,2,1,U1063,132667
141,1141,1,1,1,U1080,132564
142,1142,1,1,1,U1080,132715
143,1143,0,0,0,U1082,132732
144,1144,0,0,0,U1082,132733
145,1145,2,1,2,U1074,135011
146,1146,2,2,2,U1074,134987
147,1147,2,2,2,U1074,134976
148,1148,1,1,1,U1117,135018
149,1149,0,0,1,U1117,132766
150,1150,1,1,2,U1117,135088
151,1151,2,2,1,U1117,135016
152,1152,1,2,2,U1117,132773
153,1153,1,1,1,U1117,135000
154,1154,0,0,0,U1118,132583
155,1155,0,0,0,U1118,132768
156,1156,2,0,0,U1118,135021
157,1157,0,0,0,U1118,134983
158,1158,0,0,0,U1118,135001
159,1159,0,0,0,U1118,134992
160,1160,1,2,0,U1020,135088
161,1161,2,2,2,U1020,132768
162,1162,1,1,1,U1020,134996
163,1163,2,2,1,U1020,135109
164,1164,1,1,1,U1051,135088
165,1165,1,1,1,U1051,135109
166,1166,1,2,1,U1051,132768
167,1167,1,2,2,U1055,135051
168,1168,2,2,2,U1055,135075
169,1169,2,2,2,U1055,132572
170,1170,2,2,2,U1055,135028
171,1171,2,2,2,U1055,135025
172,1172,2,2,2,U1083,132572
173,1173,0,0,0,U1083,135049
174,1174,2,2,2,U1055,135106
175,1175,1,2,2,U1083,135072
176,1176,2,2,2,U1083,135074
177,1177,2,2,2,U1083,132755
178,1178,1,2,2,U1083,135044
179,1179,2,2,2,U1055,135048
180,1180,2,2,2,U1055,135047
181,1181,2,2,2,U1055,132754
182,1182,2,2,2,U1055,132825
183,1183,1,1,1,U1053,135076
184,1184,2,2,1,U1053,135032
185,1185,1,2,0,U1053,132825
186,1186,2,1,2,U1053,135063
187,1187,1,2,1,U1035,135018
188,1188,2,1,2,U1035,132773
189,1189,2,1,2,U1053,135042
190,1190,2,2,0,U1053,135053
191,1191,1,2,1,U1053,132754
192,1192,1,0,2,U1035,132583
193,1193,2,2,1,U1053,135081
194,1194,2,1,2,U1053,135025
195,1195,2,1,2,U1053,135038
196,1196,2,2,1,U1053,135060
197,1197,2,1,1,U1053,135062
198,1198,2,2,2,U1053,135047
199,1199,1,2,1,U1064,135042
200,1200,1,0,1,U1081,135069
201,1201,1,1,2,U1064,135057
202,1202,1,2,2,U1081,135076
203,1203,0,0,1,U1081,135043
204,1204,0,0,1,U1064,135069
205,1205,0,0,0,U1081,135039
206,1206,1,0,1,U1064,135060
207,1207,2,0,2,U1064,135052
208,1208,1,0,1,U1081,132825
209,1209,0,1,1,U1081,135032
210,1210,1,2,2,U1081,135028
211,1211,1,2,1,U1081,135085
212,1212,0,1,1,U1081,135052
213,1213,1,1,1,U1081,135030
214,1214,0,1,1,U1081,135027
215,1215,1,1,1,U1001,132830
216,1216,2,2,1,U1001,132825
217,1217,1,2,1,U1014,135076
218,1218,0,2,2,U1088,132830
219,1219,2,2,2,U1088,135108
220,1220,1,0,1,U1014,135069
221,1221,2,2,2,U1014,135050
222,1222,1,2,2,U1088,135057
223,1223,2,1,1,U1014,135081
224,1224,1,0,2,U1014,135057
225,1225,2,2,2,U1014,135070
226,1226,2,2,2,U1088,135041
227,1227,1,2,2,U1088,135069
228,1228,2,2,2,U1088,135082
229,1229,1,0,0,U1014,135043
230,1230,1,1,0,U1014,135042
231,1231,0,0,0,U1088,135071
232,1232,2,2,2,U1088,135054
233,1233,2,2,1,U1088,135070
234,1234,2,1,2,U1014,135066
235,1235,2,2,2,U1088,135032
236,1236,1,2,2,U1088,135081
237,1237,2,1,2,U1088,135051
238,1238,2,2,1,U1014,132830
239,1239,0,0,0,U1014,135082
240,1240,2,2,2,U1056,135066
241,1241,0,0,0,U1056,135050
242,1242,2,2,2,U1056,135076
243,1243,2,2,2,U1056,135081
244,1244,2,2,2,U1056,135062
245,1245,2,2,2,U1056,135027
246,1246,2,2,2,U1056,135085
247,1247,2,2,2,U1056,135052
248,1248,2,2,2,U1056,132825
249,1249,2,2,2,U1056,135051
250,1250,1,1,1,U1134,135047
251,1251,0,0,0,U1134,135026
252,1252,1,1,1,U1134,135044
253,1253,1,2,1,U1134,132825
254,1254,2,1,0,U1134,135059
255,1255,2,2,2,U1134,135065
256,1256,2,1,1,U1134,135046
257,1257,2,1,2,U1134,135085
258,1258,1,1,2,U1134,135079
259,1259,2,2,2,U1134,135055
260,1260,2,1,1,U1134,132754
261,1261,0,0,0,U1134,132572
262,1262,2,1,1,U1134,135075
263,1263,1,1,1,U1134,135080
264,1264,2,2,2,U1134,135064
265,1265,2,2,2,U1134,135074
266,1266,1,1,1,U1106,135041
267,1267,0,0,0,U1126,135069
268,1268,0,0,0,U1106,135032
269,1269,2,2,2,U1126,135057
270,1270,0,0,0,U1126,132830
271,1271,2,1,0,U1106,135028
272,1272,0,0,0,U1126,135040
273,1273,2,2,2,U1126,135106
274,1274,2,1,1,U1126,135052
275,1275,2,1,1,U1126,135041
276,1276,1,0,1,U1126,135038
277,1277,1,2,1,U1126,135054
278,1278,2,2,1,U1126,135108
279,1279,2,2,2,U1044,134986
280,1280,1,1,1,U1124,135054
281,1281,2,2,2,U1044,132768
282,1282,1,1,1,U1124,135108
283,1283,1,1,1,U1124,135032
284,1284,1,0,1,U1124,135071
285,1285,1,1,1,U1124,135070
286,1286,1,1,1,U1124,135069
287,1287,1,1,0,U1124,135081
288,1288,1,1,1,U1124,135057
289,1289,1,1,1,U1124,135039
290,1290,0,1,0,U1124,135050
291,1291,0,0,0,U1018,135043
292,1292,1,1,2,U1125,135043
293,1293,0,0,2,U1125,135081
294,1294,1,1,1,U1125,135076
295,1295,2,2,2,U1018,135082
296,1296,2,1,1,U1125,135050
297,1297,1,0,1,U1125,135066
298,1298,1,2,1,U1125,135032
299,1299,2,2,2,U1119,134986
300,1300,0,0,0,U1119,135021
301,1301,2,2,2,U1119,135001
302,1302,1,1,1,U1125,135042
303,1303,2,2,2,U1119,132583
304,1304,1,2,1,U1125,135063
305,1305,2,2,2,U1119,132768
306,1306,1,0,2,U1125,135060
307,1307,2,2,1,U1125,135038
308,1308,1,2,1,U1125,135062
309,1309,1,1,1,U1018,135081
310,1310,1,1,0,U1018,135057
311,1311,1,1,1,U1018,135066
312,1312,1,1,1,U1018,135032
313,1313,0,0,1,U1018,135062
314,1314,1,1,1,U1018,135025
315,1315,0,1,1,U1018,135069
316,1316,1,0,1,U1018,135108
317,1317,2,2,1,U1076,135039
318,1318,1,2,2,U1076,135038
319,1319,0,1,1,U1076,135027
320,1320,2,2,2,U1076,135042
321,1321,0,0,0,U1022,135040
322,1322,2,1,1,U1076,135073
323,1323,1,1,2,U1022,135033
324,1324,0,0,0,U1022,135025
325,1325,1,1,2,U1022,135032
326,1326,2,2,2,U1022,135057
327,1327,1,1,2,U1022,135060
328,1328,2,2,2,U1022,135052
329,1329,2,1,2,U1022,135038
330,1330,0,2,1,U1022,135081
331,1331,2,1,1,U1022,135045
332,1332,2,1,1,U1022,135051
333,1333,2,2,2,U1022,135073
334,1334,1,2,1,U1022,135062
335,1335,2,1,2,U1022,135063
336,1336,0,0,0,U1094,135054
337,1337,0,0,0,U1094,135082
338,1338,0,1,0,U1094,135057
339,1339,0,1,0,U1094,135071
340,1340,0,1,0,U1094,132830
341,1341,0,1,0,U1094,135070
342,1342,0,1,1,U1094,135108
343,1343,0,1,0,U1094,135069
344,1344,2,2,2,U1116,135047
345,1345,0,0,0,U1116,135060
346,1346,2,2,2,U1116,135038
347,1347,2,2,2,U1116,135085
348,1348,2,2,2,U1116,135052
349,1349,2,2,2,U1116,135025
350,1350,0,2,2,U1116,135059
351,1351,0,2,2,U1116,135027
352,1352,2,2,2,U1116,132825
353,1353,1,2,2,U1116,135030
354,1354,2,2,2,U1116,132834
355,1355,0,0,0,U1105,135057
356,1356,0,0,0,U1105,135069
357,1357,0,0,0,U1105,132830
358,1358,0,0,0,U1105,135040
359,1359,0,0,0,U1105,135033
360,1360,0,0,0,U1105,135054
361,1361,0,0,0,U1105,135039
362,1362,0,0,0,U1105,135052
363,1363,1,2,1,U1075,135081
364,1364,2,1,2,U1075,135066
365,1365,2,2,2,U1075,135050
366,1366,1,1,1,U1007,135108
367,1367,2,2,0,U1075,135076
368,1368,1,1,2,U1007,135057
369,1369,1,1,1,U1075,135032
370,1370,1,2,1,U1075,132834
371,1371,2,1,1,U1075,135057
372,1372,1,1,1,U1075,132830
373,1373,1,0,1,U1075,135062
374,1374,2,2,0,U1075,135039
375,1375,1,1,1,U1075,135051
376,1376,1,1,0,U1075,135041
377,1377,2,2,2,U1115,135057
378,1378,2,2,2,U1115,135082
379,1379,0,0,1,U1115,135054
380,1380,1,2,2,U1115,135108
381,1381,1,0,1,U1115,135069
382,1382,2,2,2,U1115,132830
383,1383,1,1,1,U1115,135070
384,1384,2,2,2,U1115,135071
385,1385,0,0,0,U1072,135000
386,1386,1,1,1,U1024,132834
387,1387,1,1,1,U1024,135106
388,1388,1,2,1,U1024,135042
389,1389,1,1,0,U1024,132825
390,1390,1,0,2,U1024,135060
391,1391,2,2,2,U1024,135032
392,1392,2,2,2,U1024,135039
393,1393,2,2,0,U1024,135045
394,1394,1,2,0,U1024,135027
395,1395,1,2,0,U1024,135073
396,1396,1,1,0,U1024,135051
397,1397,1,1,1,U1024,135041
398,1398,1,1,0,U1024,135038
399,1399,1,1,1,U1024,135028
400,1400,1,1,1,U1024,135030
401,1401,1,1,1,U1132,135038
402,1402,2,2,2,U1132,132825
403,1403,2,2,2,U1132,135085
404,1404,2,1,1,U1132,135062
405,1405,1,1,2,U1132,135025
406,1406,2,2,2,U1132,135052
407,1407,2,2,2,U1132,135028
408,1408,1,0,1,U1132,135032
409,1409,1,1,0,U1132,135051
410,1410,2,1,0,U1132,135027
411,1411,1,2,1,U1005,135050
412,1412,2,2,1,U1005,135076
413,1413,1,1,0,U1005,132830
414,1414,2,1,1,U1005,135066
415,1415,1,1,1,U1005,135041
416,1416,1,2,1,U1005,135057
417,1417,0,2,0,U1005,135043
418,1418,2,1,2,U1005,135042
419,1419,2,1,2,U1005,135032
420,1420,0,0,0,U1120,135085
421,1421,1,0,2,U1120,132845
422,1422,1,1,1,U1120,135032
423,1423,1,2,2,U1120,135045
424,1424,0,0,0,U1120,135038
425,1425,1,1,1,U1004,135060
426,1426,2,2,2,U1004,135028
427,1427,2,2,2,U1004,135106
428,1428,2,2,2,U1120,135057
429,1429,2,2,1,U1004,135062
430,1430,1,1,1,U1120,135026
431,1431,2,2,2,U1004,135032
432,1432,2,2,1,U1120,132846
433,1433,0,1,1,U1077,135027
434,1434,2,2,2,U1120,132847
435,1435,2,1,1,U1037,135054
436,1436,0,0,0,U1037,135082
437,1437,0,0,0,U1037,135070
438,1438,0,0,0,U1037,132845
439,1439,2,2,2,U1037,135108
440,1440,1,1,1,U1037,132847
441,1441,2,2,2,U1037,132830
442,1442,2,2,2,U1035,135000
443,1443,2,1,2,U1035,134996
444,1444,2,2,2,U1035,134986
445,1445,1,0,2,U1052,132851
446,1446,1,2,2,U1036,132834
447,1447,2,2,1,U1036,135064
448,1448,2,2,2,U1036,135079
449,1449,2,2,2,U1036,135042
450,1450,2,2,2,U1036,135085
451,1451,2,2,2,U1036,135025
452,1452,2,2,2,U1036,132825
453,1453,2,2,2,U1036,135059
454,1454,2,2,2,U1036,135052
455,1455,2,2,2,U1036,132754
456,1456,0,0,0,U1036,135065
457,1457,2,2,2,U1036,135045
458,1458,1,2,2,U1038,132854
459,1459,0,1,1,U1038,132856
460,1460,0,2,1,U1038,132858
461,1461,1,1,2,U1038,132861
462,1462,2,2,2,U1038,132862
463,1463,2,2,2,U1071,132862
464,1464,2,1,2,U1071,135063
465,1465,2,2,2,U1071,135052
466,1466,1,2,2,U1071,135060
467,1467,2,2,2,U1071,135042
468,1468,2,2,2,U1071,132825
469,1469,2,2,2,U1071,132856
470,1470,2,2,2,U1071,135032
471,1471,1,1,1,U1071,132834
472,1472,2,2,2,U1071,135039
473,1473,2,2,2,U1071,135028
474,1474,2,2,2,U1071,135025
475,1475,2,2,2,U1071,135030
476,1476,0,0,0,U1114,135053
477,1477,1,0,2,U1084,135058
478,1478,2,2,2,U1084,132862
479,1479,2,2,2,U1084,135072
480,1480,2,2,2,U1084,135030
481,1481,2,2,2,U1084,135026
482,1482,2,2,2,U1084,135035
483,1483,2,2,2,U1084,135045
484,1484,2,2,2,U1084,132861
485,1485,2,2,2,U1084,135085
486,1486,1,0,1,U1084,132723
487,1487,0,0,0,U1049,132825
488,1488,0,0,0,U1049,135041
489,1489,0,0,0,U1019,132830
490,1490,0,0,0,U1019,135076
491,1491,0,0,0,U1019,135038
492,1492,0,0,0,U1019,132856
493,1493,0,0,0,U1069,135070
494,1494,0,0,0,U1069,135082
495,1495,0,0,0,U1069,135108
496,1496,0,0,0,U1069,132858
497,1497,0,0,0,U1069,135069
498,1498,0,0,0,U1069,132846
499,1499,0,0,0,U1069,132845
500,1500,1,0,0,U1069,132851
501,1501,0,2,0,U1069,132847
502,1502,1,2,0,U1113,135038
503,1503,2,2,1,U1113,135057
504,1504,1,2,1,U1113,135085
505,1505,0,0,0,U1113,135032
506,1506,1,2,1,U1113,135079
507,1507,2,2,1,U1113,135046
508,1508,0,1,0,U1113,132856
509,1509,0,0,0,U1113,132854
510,1510,0,0,1,U1104,135039
511,1511,1,2,1,U1104,132825
512,1512,2,2,1,U1104,135085
513,1513,2,1,1,U1104,135030
514,1514,1,1,2,U1104,135062
515,1515,0,0,0,U1106,135047
516,1516,0,0,0,U1106,135052
517,1517,1,2,1,U1104,132834
518,1518,0,0,0,U1106,135106
519,1519,2,2,1,U1106,132754
520,1520,1,1,1,U1104,135052
521,1521,0,1,0,U1106,132856
522,1522,2,1,1,U1104,135032
523,1523,2,1,1,U1104,135025
524,1524,2,1,1,U1106,132834
525,1525,1,2,1,U1104,135047
526,1526,2,0,0,U1106,135042
527,1527,2,1,1,U1106,135039
528,1528,2,2,1,U1052,132866
529,1529,2,1,2,U1106,135066
530,1530,2,2,2,U1106,135085
531,1531,1,1,2,U1104,135033
532,1532,2,2,1,U1106,135062
533,1533,2,2,2,U1106,132862
534,1534,2,2,1,U1106,135030
535,1535,2,2,2,U1106,135079
536,1536,2,2,2,U1106,135064
537,1537,2,2,1,U1052,132869
538,1538,1,1,1,U1052,132870
539,1539,1,2,1,U1104,135041
540,1540,2,2,2,U1079,134986
541,1541,1,1,0,U1079,134976
542,1542,2,2,2,U1079,132768
543,1543,1,2,1,U1079,132766
544,1544,2,1,1,U1045,132825
545,1545,0,0,0,U1045,135064
546,1546,1,2,2,U1045,132856
547,1547,2,2,2,U1045,135085
548,1548,0,0,0,U1045,135032
549,1549,1,1,1,U1045,132834
550,1550,1,2,2,U1045,135052
551,1551,2,2,2,U1045,135060
552,1552,2,2,2,U1045,135051
553,1553,1,2,1,U1045,135041
554,1554,1,2,1,U1009,132754
555,1555,2,1,2,U1009,132862
556,1556,1,1,1,U1009,135060
557,1557,2,1,1,U1009,135059
558,1558,2,2,1,U1009,132834
559,1559,1,1,2,U1009,135058
560,1560,2,2,2,U1009,135038
561,1561,1,1,0,U1009,132825
562,1562,2,1,0,U1009,135052
563,1563,0,0,0,U1009,135063
564,1564,1,2,2,U1009,135079
565,1565,2,2,2,U1016,132834
566,1566,1,2,2,U1016,135042
567,1567,2,2,2,U1016,135032
568,1568,2,2,2,U1016,135106
569,1569,2,2,2,U1016,132856
570,1570,2,2,2,U1016,135045
571,1571,2,2,2,U1016,135060
572,1572,2,2,2,U1016,135066
573,1573,2,2,0,U1016,135085
574,1574,2,2,2,U1016,135052
575,1575,2,2,2,U1016,132862
576,1576,2,2,0,U1016,135051
577,1577,2,2,2,U1016,135062
578,1578,0,0,0,U1047,132875
579,1579,0,0,0,U1047,132877
580,1580,0,0,0,U1047,132884
581,1581,1,2,2,U1095,132872
582,1582,2,2,2,U1095,135034
583,1583,1,2,2,U1095,135058
584,1584,1,1,1,U1034,135086
585,1585,1,1,1,U1095,132861
586,1586,0,0,0,U1034,135049
587,1587,1,0,1,U1034,132723
588,1588,2,2,2,U1095,132723
589,1589,1,2,1,U1095,135086
590,1590,2,2,2,U1095,135055
591,1591,1,2,1,U1007,135058
592,1592,1,2,0,U1007,135085
593,1593,1,1,1,U1095,135064
594,1594,2,2,2,U1095,135035
595,1595,2,2,2,U1095,135072
596,1596,1,1,1,U1007,135025
597,1597,1,1,0,U1007,135032
598,1598,0,0,0,U1007,135086
599,1599,1,1,1,U1007,132572
600,1600,1,1,0,U1007,135038
601,1601,1,1,1,U1078,132885
602,1602,1,1,0,U1099,135076
603,1603,2,2,2,U1099,132834
604,1604,1,1,1,U1008,132866
605,1605,1,2,1,U1008,132858
606,1606,2,2,2,U1099,135043
607,1607,0,0,0,U1099,132885
608,1608,2,2,1,U1008,132854
609,1609,1,1,2,U1099,132872
610,1610,1,1,0,U1008,135108
611,1611,1,1,1,U1008,132851
612,1612,1,1,0,U1099,132856
613,1613,1,1,1,U1008,132869
614,1614,1,1,1,U1099,135066
615,1615,1,1,1,U1008,135069
616,1616,0,1,1,U1099,135038
617,1617,2,2,2,U1099,135060
618,1618,1,1,1,U1099,135045
619,1619,1,1,1,U1008,132846
620,1620,1,1,1,U1008,135054
621,1621,1,1,1,U1099,135042
622,1622,1,1,1,U1040,132773
623,1623,1,1,1,U1040,134999
624,1624,2,2,2,U1040,135013
625,1625,1,2,1,U1040,135019
626,1626,0,0,0,U1121,135021
627,1627,1,2,1,U1110,135021
628,1628,2,2,2,U1110,132767
629,1629,2,2,2,U1110,135013
630,1630,2,2,2,U1110,134999
631,1631,2,2,2,U1121,135019
632,1632,2,2,2,U1121,132767
633,1633,2,2,2,U1121,134999
634,1634,2,2,1,U1042,132768
635,1635,1,2,0,U1042,135021
636,1636,2,2,2,U1042,134996
637,1637,1,1,1,U1013,135079
638,1638,2,1,1,U1013,135072
639,1639,1,2,0,U1013,135085
640,1640,1,1,0,U1013,135076
641,1641,2,2,0,U1054,135062
642,1642,2,2,2,U1054,135060
643,1643,2,2,1,U1054,135039
644,1644,2,2,1,U1054,135052
645,1645,2,2,2,U1054,132856
646,1646,2,2,0,U1054,135051
647,1647,2,2,2,U1054,135025
648,1648,2,2,2,U1054,135041
649,1649,2,1,1,U1054,135038
650,1650,1,1,1,U1054,135032
651,1651,2,1,2,U1054,135045
652,1652,2,2,2,U1042,134986
653,1653,1,2,1,U1042,134992
654,1654,2,2,1,U1111,132845
655,1655,2,2,2,U1111,135071
656,1656,1,1,1,U1111,132858
657,1657,2,2,2,U1111,132854
658,1658,1,1,1,U1111,132877
659,1659,1,0,0,U1037,135071
660,1660,2,1,0,U1111,132851
661,1661,2,1,0,U1111,135108
662,1662,0,0,0,U1111,132869
663,1663,1,1,2,U1037,132869
664,1664,0,0,0,U1111,132870
665,1665,2,2,1,U1037,132851
666,1666,0,0,0,U1111,132847
667,1667,1,0,0,U1111,135082
668,1668,1,2,0,U1037,132854
669,1669,1,1,1,U1015,132845
670,1670,0,1,1,U1015,132866
671,1671,0,0,1,U1015,132870
672,1672,1,1,1,U1015,135054
673,1673,2,2,2,U1015,132869
674,1674,1,1,1,U1015,132851
675,1675,1,1,2,U1015,132877
676,1676,0,0,0,U1128,132872
677,1677,0,0,0,U1062,132872
678,1678,1,1,1,U1101,135039
679,1679,2,1,1,U1101,135027
680,1680,1,1,1,U1101,135073
681,1681,0,0,0,U1101,135106
682,1682,1,0,1,U1101,132856
683,1683,2,2,1,U1101,135032
684,1684,2,2,1,U1101,135038
685,1685,2,0,2,U1101,135051
686,1686,2,1,1,U1101,135052
687,1687,0,0,0,U1101,135041
688,1688,0,1,1,U1001,135085
689,1689,1,1,1,U1001,135040
690,1690,1,1,1,U1001,135039
691,1691,1,1,1,U1001,135045
692,1692,1,1,1,U1001,135033
693,1693,2,2,2,U1001,135025
694,1694,1,1,2,U1001,135051
695,1695,0,0,0,U1135,135085
696,1696,0,0,0,U1135,135106
697,1697,0,0,0,U1135,135052
698,1698,0,0,0,U1135,135041
699,1699,1,1,1,U1032,132872
700,1700,2,1,0,U1032,135058
701,1701,2,2,0,U1032,135079
702,1702,1,1,1,U1032,135085
703,1703,0,1,0,U1032,135042
704,1704,1,1,0,U1032,132856
705,1705,0,0,0,U1135,132825
706,1706,0,0,0,U1135,132834
707,1707,1,1,0,U1032,135038
708,1708,1,1,0,U1032,132834
709,1709,1,1,1,U1032,135060
710,1710,0,0,0,U1135,135058
711,1711,0,0,0,U1032,135032
712,1712,0,0,0,U1135,135063
713,1713,0,0,0,U1135,132856
714,1714,0,0,0,U1135,135045
715,1715,0,0,0,U1135,135028
716,1716,0,0,0,U1135,135032
717,1717,0,0,0,U1135,135042
718,1718,0,0,0,U1135,135060
719,1719,1,0,2,U1048,135049
720,1720,2,2,2,U1048,135026
721,1721,2,2,1,U1048,135034
722,1722,0,1,0,U1048,135048
723,1723,2,2,0,U1048,135065
724,1724,2,2,2,U1048,132755
725,1725,2,2,2,U1048,132723
726,1726,0,0,0,U1062,135085
727,1727,0,0,0,U1062,135053
728,1728,1,0,0,U1092,135071
729,1729,0,0,0,U1062,132825
730,1730,0,0,0,U1092,135085
731,1731,0,0,0,U1062,135052
732,1732,0,0,0,U1092,135046
733,1733,0,0,0,U1062,135062
734,1734,1,0,0,U1092,132572
735,1735,0,0,0,U1062,135038
736,1736,0,0,0,U1062,135045
737,1737,2,1,1,U1092,135025
738,1738,0,0,0,U1062,132834
739,1739,1,1,1,U1092,132723
740,1740,1,1,2,U1051,134996
741,1741,2,2,1,U1013,132875
742,1742,2,2,2,U1085,135043
743,1743,0,0,0,U1085,132885
744,1744,2,2,2,U1085,135050
745,1745,2,2,2,U1085,135076
746,1746,2,2,2,U1085,135081
747,1747,2,2,2,U1109,135028
748,1748,1,1,1,U1109,132856
749,1749,0,0,0,U1085,135042
750,1750,2,2,1,U1085,135059
751,1751,2,2,2,U1109,132825
752,1752,0,2,2,U1085,132872
753,1753,2,2,2,U1085,135055
754,1754,2,2,2,U1109,135032
755,1755,2,2,2,U1085,132825
756,1756,2,2,2,U1109,135063
757,1757,2,2,2,U1109,135042
758,1758,2,2,2,U1109,135058
759,1759,2,2,2,U1109,135085
760,1760,2,2,2,U1109,135038
761,1761,1,1,1,U1109,132872
762,1762,1,1,1,U1078,135081
763,1763,2,2,2,U1078,135060
764,1764,2,2,2,U1078,135106
765,1765,2,1,2,U1078,135041
766,1766,0,2,1,U1078,132834
767,1767,2,2,2,U1078,135052
768,1768,0,0,0,U1019,135079
769,1769,2,2,2,U1102,132846
770,1770,1,1,0,U1098,132885
771,1771,2,1,2,U1098,135060
772,1772,1,2,1,U1098,132856
773,1773,1,0,2,U1046,135026
774,1774,2,1,1,U1122,135066
775,1775,2,2,2,U1122,135065
776,1776,2,2,2,U1122,132872
777,1777,2,0,2,U1122,135058
778,1778,2,1,1,U1122,132834
779,1779,2,1,2,U1122,132754
780,1780,2,2,2,U1122,135079
781,1781,2,2,2,U1122,135038
782,1782,2,2,1,U1122,135085
783,1783,2,1,1,U1122,135030
784,1784,1,1,1,U1122,135064
785,1785,2,2,2,U1122,135053
786,1786,2,2,1,U1138,132921
787,1787,2,2,2,U1138,132922
788,1788,1,2,1,U1138,132925
789,1789,2,2,1,U1013,132921
790,1790,1,2,1,U1098,135085
791,1791,1,1,1,U1098,132825
792,1792,2,1,1,U1098,135079
793,1793,2,1,1,U1098,135032
794,1794,1,1,1,U1098,135038
795,1795,2,2,1,U1098,132861
796,1796,1,2,1,U1098,135046
797,1797,1,2,2,U1098,132862
798,1798,1,2,1,U1098,132921
799,1799,0,0,0,U1034,132884
800,1800,0,0,0,U1034,135055
801,1801,1,1,1,U1034,135035
802,1802,1,1,1,U1033,135065
803,1803,2,1,1,U1033,135028
804,1804,2,2,2,U1033,135085
805,1805,2,1,1,U1033,135046
806,1806,2,1,2,U1033,135045
807,1807,2,1,0,U1033,132951
808,1808,1,0,0,U1033,132572
809,1809,2,1,1,U1033,132921
810,1810,2,1,0,U1033,135075
811,1811,1,1,1,U1033,135038
812,1812,2,1,1,U1033,135030
813,1813,1,1,1,U1089,135058
814,1814,1,1,1,U1089,135064
815,1815,1,1,1,U1089,135028
816,1816,1,1,1,U1089,132951
817,1817,0,0,0,U1003,135064
818,1818,1,1,1,U1089,132921
819,1819,2,2,1,U1003,132825
820,1820,1,1,1,U1089,132754
821,1821,2,2,2,U1003,135075
822,1822,1,1,1,U1089,135026
823,1823,1,2,2,U1003,132862
824,1824,1,1,1,U1089,132872
825,1825,1,1,1,U1089,135085
826,1826,0,1,1,U1003,135041
827,1827,1,1,1,U1089,135072
828,1828,1,1,1,U1089,132834
829,1829,2,2,1,U1003,132937
830,1830,1,1,1,U1089,132875
831,1831,0,0,0,U1089,135038
832,1832,2,2,2,U1003,132922
833,1833,0,1,1,U1091,132825
834,1834,2,2,2,U1091,135075
835,1835,0,0,0,U1089,135079
836,1836,2,2,1,U1003,132723
837,1837,1,1,1,U1091,132861
838,1838,2,2,1,U1003,132755
839,1839,1,2,2,U1091,132875
840,1840,2,1,2,U1003,135080
841,1841,1,1,1,U1091,135086
842,1842,2,2,2,U1003,135079
843,1843,0,0,0,U1027,135066
844,1844,0,1,1,U1091,135080
845,1845,1,1,1,U1027,132921
846,1846,2,2,2,U1091,132572
847,1847,1,1,1,U1027,135052
848,1848,2,2,2,U1091,132884
849,1849,1,1,1,U1091,135035
850,1850,1,1,1,U1027,132937
851,1851,1,1,1,U1027,132951
852,1852,1,1,1,U1027,132925
853,1853,1,1,1,U1027,132872
854,1854,1,1,1,U1027,132875
855,1855,1,1,1,U1027,135085
856,1856,1,1,1,U1027,135042
857,1857,1,1,1,U1027,135062
858,1858,1,1,1,U1029,135047
859,1859,2,1,1,U1029,135059
860,1860,1,1,1,U1029,132937
861,1861,1,1,1,U1029,135085
862,1862,0,1,0,U1029,132834
863,1863,0,0,0,U1029,132754
864,1864,1,1,0,U1029,132825
865,1865,1,1,1,U1029,132921
866,1866,1,1,1,U1029,132862
867,1867,1,1,1,U1029,132922
868,1868,1,1,1,U1086,135063
869,1869,1,1,1,U1086,132921
870,1870,2,1,1,U1086,135085
871,1871,2,1,2,U1086,132922
872,1872,2,0,1,U1086,132937
873,1873,2,2,2,U1086,135045
874,1874,2,2,2,U1086,135041
875,1875,1,1,1,U1086,135060
876,1876,1,1,1,U1086,132951
877,1877,0,0,0,U1019,132921
878,1878,0,0,0,U1019,132834
879,1879,2,2,2,U1137,132951
880,1880,0,0,0,U1019,135062
881,1881,0,0,0,U1019,135086
882,1882,2,1,2,U1137,135085
883,1883,2,2,2,U1137,132834
884,1884,1,1,2,U1090,132572
885,1885,2,2,2,U1137,132862
886,1886,0,2,2,U1137,135058
887,1887,2,0,2,U1137,135059
888,1888,2,2,2,U1137,135062
889,1889,2,2,1,U1137,132825
890,1890,2,2,2,U1137,132723
891,1891,2,2,2,U1137,132755
892,1892,2,2,2,U1137,135042
893,1893,2,2,2,U1137,132884
894,1894,2,2,2,U1137,135049
895,1895,2,2,2,U1137,135075
896,1896,0,0,0,U1114,132825
897,1897,0,0,0,U1114,135065
898,1898,0,0,0,U1114,135058
899,1899,0,0,0,U1114,132723
900,1900,0,0,0,U1114,132951
901,1901,1,1,1,U1114,132872
902,1902,0,0,0,U1114,132834
903,1903,0,0,0,U1114,135072
904,1904,0,0,0,U1114,132754
905,1905,1,2,1,U1114,132755
906,1906,1,2,1,U1061,132825
907,1907,2,2,2,U1061,135048
908,1908,1,2,1,U1061,132921
909,1909,2,2,2,U1061,135026
910,1910,2,2,1,U1061,132723
911,1911,2,2,2,U1061,135075
912,1912,2,2,2,U1061,135034
913,1913,2,2,2,U1061,135041
914,1914,1,1,0,U1013,132572
915,1915,2,2,1,U1013,135075
916,1916,1,2,1,U1061,135046
917,1917,1,2,2,U1061,132572
918,1918,1,1,1,U1061,135058
919,1919,1,1,0,U1046,135044
920,1920,2,2,2,U1046,135065
921,1921,2,1,2,U1046,132921
922,1922,1,2,1,U1046,135085
923,1923,1,2,0,U1046,132572
924,1924,2,2,1,U1046,135058
925,1925,1,1,2,U1046,132951
926,1926,1,2,2,U1046,132861
927,1927,1,1,1,U1041,135001
928,1928,2,2,2,U1041,134983
929,1929,2,2,2,U1041,135021
930,1930,2,2,2,U1041,134992
931,1931,2,2,1,U1041,132768
932,1932,1,2,1,U1041,135109
933,1933,2,2,2,U1004,132954
934,1934,2,2,2,U1004,132955
935,1935,2,2,2,U1004,132958
936,1936,2,2,2,U1003,132754
937,1937,1,1,0,U1059,135064
938,1938,2,2,1,U1059,135075
939,1939,1,1,1,U1059,135028
940,1940,1,2,1,U1061,132834
941,1941,1,1,2,U1061,135086
942,1942,2,2,2,U1061,132754
943,1943,2,2,2,U1061,135080
944,1944,2,2,2,U1090,135062
945,1945,2,2,2,U1090,135052
946,1946,0,0,0,U1112,135047
947,1947,1,1,1,U1112,135026
948,1948,0,1,1,U1112,135064
949,1949,2,2,2,U1090,132862
950,1950,1,1,1,U1057,135070
951,1951,0,0,1,U1112,132954
952,1952,1,1,1,U1057,135043
953,1953,1,0,0,U1112,135079
954,1954,0,0,1,U1112,135062
955,1955,1,2,1,U1090,135051
956,1956,2,2,2,U1090,132954
957,1957,0,0,0,U1112,135048
958,1958,1,0,0,U1057,132954
959,1959,0,0,0,U1112,135086
960,1960,2,2,2,U1061,132955
961,1961,1,0,0,U1112,132921
962,1962,2,2,2,U1061,132958
963,1963,0,0,0,U1112,135046
964,1964,2,2,2,U1090,135085
965,1965,0,0,1,U1112,132572
966,1966,2,2,2,U1090,132922
967,1967,2,1,2,U1025,132866
968,1968,1,1,0,U1057,135080
969,1969,1,0,0,U1112,132834
970,1970,1,1,0,U1057,132825
971,1971,1,1,1,U1112,132862
972,1972,2,1,2,U1061,132954
973,1973,1,1,1,U1025,132877
974,1974,1,1,0,U1057,135064
975,1975,1,0,0,U1057,135046
976,1976,2,2,2,U1090,135025
977,1977,2,2,2,U1090,132925
978,1978,1,0,0,U1057,132862
979,1979,0,1,1,U1057,135075
980,1980,2,1,1,U1025,132847
981,1981,1,0,1,U1057,135030
982,1982,2,2,2,U1025,135071
983,1983,1,0,1,U1057,132834
984,1984,1,0,0,U1025,132958
985,1985,0,0,0,U1025,132825
986,1986,2,1,0,U1025,135028
987,1987,1,1,1,U1025,135047
988,1988,2,2,2,U1025,132846
989,1989,2,2,2,U1025,135064
990,1990,2,2,2,U1025,132830
991,1991,2,1,0,U1097,135079
992,1992,2,1,1,U1097,135058
993,1993,1,1,0,U1097,132954
994,1994,2,1,1,U1097,132958
995,1995,1,0,1,U1097,135026
996,1996,2,1,2,U1059,132955
997,1997,2,1,1,U1059,135044
998,1998,0,0,0,U1059,132862
999,1999,2,2,2,U1059,135085
1000,2000,2,2,2,U1059,135030
1001,2001,0,0,0,U1128,135053
1002,2002,2,1,1,U1059,132825
1003,2003,2,2,2,U1059,132754
1004,2004,0,0,0,U1128,135058
1005,2005,0,0,0,U1128,132875
1006,2006,0,0,0,U1128,135079
1007,2007,0,0,0,U1128,132925
1008,2008,0,0,0,U1128,135064
1009,2009,0,0,0,U1128,132921
1010,2010,0,0,0,U1128,135060
1011,2011,0,0,0,U1128,132954
1012,2012,0,0,0,U1128,132951
1013,2013,2,2,1,U1097,132921
1014,2014,2,2,1,U1097,132955
1015,2015,1,1,1,U1097,132884
1016,2016,2,1,1,U1097,135049
1017,2017,2,2,1,U1097,135034
1018,2018,1,1,1,U1006,132954
1019,2019,1,1,1,U1006,135079
1020,2020,2,2,2,U1006,132875
1021,2021,2,2,2,U1006,135026
1022,2022,2,1,2,U1006,132922
1023,2023,1,0,1,U1006,132572
1024,2024,1,1,2,U1006,135075
1025,2025,1,1,1,U1006,132825
1026,2026,1,1,2,U1006,135048
1027,2027,1,1,2,U1006,135030
1028,2028,2,2,2,U1006,132884
1029,2029,2,1,2,U1131,135054
1030,2030,1,2,1,U1131,132869
1031,2031,2,2,2,U1131,132866
1032,2032,0,1,0,U1131,135082
1033,2033,2,2,2,U1131,132851
1034,2034,0,2,0,U1131,132870
1035,2035,0,0,0,U1073,135062
1036,2036,0,0,0,U1073,132572
1037,2037,0,0,0,U1073,135064
1038,2038,0,0,0,U1073,135080
1039,2039,0,0,0,U1073,132951
1040,2040,0,0,0,U1073,132954
1041,2041,0,0,0,U1073,135052
1042,2042,0,0,0,U1073,132834
1043,2043,0,0,0,U1073,135060
1044,2044,0,0,0,U1073,135065
1045,2045,0,0,0,U1073,132862
1046,2046,0,0,0,U1049,132921
1047,2047,0,0,0,U1049,135042
1048,2048,0,0,0,U1049,135032
1049,2049,0,0,0,U1049,135051
1050,2050,0,0,0,U1049,135085
1051,2051,0,0,0,U1049,132862
1052,2052,0,0,0,U1049,135052
1053,2053,2,2,2,U1058,135076
1054,2054,1,2,2,U1058,135043
1055,2055,2,2,0,U1058,135058
1056,2056,2,1,1,U1058,135053
1057,2057,1,1,1,U1058,132885
1058,2058,1,0,0,U1058,135050
1059,2059,2,2,1,U1058,132872
1060,2060,1,1,1,U1058,135066
1061,2061,2,1,1,U1002,132921
1062,2062,1,2,1,U1002,135062
1063,2063,1,1,1,U1002,135106
1064,2064,2,2,0,U1002,132825
1065,2065,1,1,1,U1002,135052
1066,2066,2,2,2,U1002,132862
1067,2067,2,2,2,U1096,132875
1068,2068,1,2,1,U1002,135059
1069,2069,2,1,0,U1002,135041
1070,2070,1,1,2,U1002,132925
1071,2071,1,1,1,U1002,135085
1072,2072,2,2,2,U1096,135025
1073,2073,1,2,1,U1096,135072
1074,2074,1,1,0,U1096,135064
1075,2075,1,0,2,U1096,135086
1076,2076,2,2,2,U1096,135055
1077,2077,1,1,2,U1136,135074
1078,2078,2,2,2,U1096,135026
1079,2079,2,2,2,U1136,132862
1080,2080,2,2,2,U1096,132955
1081,2081,2,2,2,U1136,132921
1082,2082,1,1,1,U1136,135072
1083,2083,1,2,1,U1096,132723
1084,2084,2,2,2,U1136,135055
1085,2085,1,1,1,U1136,135064
1086,2086,1,2,2,U1096,132958
1087,2087,1,2,1,U1096,135075
1088,2088,2,2,2,U1136,132958
1089,2089,1,2,2,U1136,135048
1090,2090,2,2,2,U1136,135046
1091,2091,2,2,2,U1136,135028
1092,2092,2,0,1,U1097,135086
1093,2093,2,2,2,U1097,135053
1094,2094,2,2,1,U1097,132861
1095,2095,2,2,2,U1058,135062
1096,2096,2,2,2,U1058,135055
1097,2097,1,1,1,U1010,135053
1098,2098,1,0,0,U1010,135058
1099,2099,0,0,0,U1010,135079
1100,2100,2,2,2,U1003,135059
1101,2101,0,2,0,U1010,135064
1102,2102,1,1,1,U1010,135047
1103,2103,1,1,1,U1010,135065
1104,2104,2,2,2,U1102,132854
1105,2105,2,2,0,U1102,132858
1106,2106,2,2,2,U1010,135042
1107,2107,2,2,0,U1102,132870
1108,2108,1,2,2,U1010,135076
1109,2109,2,2,0,U1102,132847
1110,2110,2,2,2,U1013,132951
1111,2111,1,1,0,U1013,135060
1112,2112,1,1,1,U1028,132732
1113,2113,1,1,1,U1028,132733
1114,2114,0,1,0,U1028,135104
1115,2115,0,1,1,U1050,132732
1116,2116,0,0,0,U1050,132609
1117,2117,0,0,0,U1050,132608
1118,2118,0,2,0,U1050,132560
1119,2119,0,2,0,U1050,132740
1120,2120,0,2,0,U1050,132594
1121,2121,0,0,0,U1050,132584
1122,2122,1,1,1,U1028,132740
1123,2123,0,0,1,U1129,132706
1124,2124,0,0,0,U1129,132654
1125,2125,2,2,2,U1028,132630
1126,2126,0,0,0,U1028,132663
1127,2127,2,2,2,U1028,132613
1128,2128,2,2,1,U1087,132667
1129,2129,1,2,1,U1087,135104
1130,2130,1,1,0,U1087,132660
1131,2131,2,2,1,U1087,132732
1132,2132,1,2,1,U1087,132740
1133,2133,1,2,1,U1087,132560
1134,2134,1,2,1,U1087,132594
1135,2135,1,2,1,U1087,132663
1136,2136,1,0,1,U1065,132626
1137,2137,2,1,2,U1065,132706
1138,2138,1,2,2,U1129,132561
1139,2139,1,1,1,U1065,132665
1140,2140,0,0,0,U1129,132665
1141,2141,1,1,1,U1065,132561
1142,2142,2,2,1,U1039,132626
1143,2143,1,1,2,U1039,132564
1144,2144,1,1,1,U1065,132654
1145,2145,1,1,2,U1039,132665
1146,2146,0,0,0,U1130,132654
1147,2147,0,0,0,U1130,132561
1148,2148,0,0,0,U1130,132626
1149,2149,1,2,1,U1130,132706
1150,2150,1,1,1,U1043,132608
1151,2151,1,2,1,U1043,132609
1152,2152,2,2,1,U1011,132717
1153,2153,1,1,1,U1043,132613
1154,2154,1,1,1,U1011,132564
1155,2155,1,1,1,U1043,132732
1156,2156,1,1,1,U1043,132630
1157,2157,1,1,0,U1011,132715
1158,2158,1,1,0,U1068,132733
1159,2159,1,1,1,U1068,132594
1160,2160,0,0,0,U1068,132660